{
"type": "FeatureCollection",
"name": "stations_2020",
"crs": { "type": "name", "properties": { "name": "urn:ogc:def:crs:OGC:1.3:CRS84" } },
"features": [
{ "type": "Feature", "properties": { "city": "London", "type": "station", "x": 51.5325414, "y": 0.0036092, "gid": 11189, "Name": "Abbey Road" }, "geometry": { "type": "Point", "coordinates": [ 0.0036092, 51.5325414 ] } },
{ "type": "Feature", "properties": { "city": "London", "type": "station", "x": 51.5142477, "y": -0.0757186, "gid": 11010, "Name": "Aldgate" }, "geometry": { "type": "Point", "coordinates": [ -0.0757186, 51.5142477 ] } },
{ "type": "Feature", "properties": { "city": "London", "type": "station", "x": 51.5156185, "y": -0.070839, "gid": 11024, "Name": "Aldgate East" }, "geometry": { "type": "Point", "coordinates": [ -0.070839, 51.5156185 ] } },
{ "type": "Feature", "properties": { "city": "London", "type": "station", "x": 51.51056, "y": -0.0130077, "gid": 11163, "Name": "All Saints" }, "geometry": { "type": "Point", "coordinates": [ -0.0130077, 51.51056 ] } },
{ "type": "Feature", "properties": { "city": "London", "type": "station", "x": 51.5318417, "y": -0.1057137, "gid": 10930, "Name": "Angel" }, "geometry": { "type": "Point", "coordinates": [ -0.1057137, 51.5318417 ] } },
{ "type": "Feature", "properties": { "city": "London", "type": "station", "x": 51.5654371, "y": -0.1349977, "gid": 10859, "Name": "Archway" }, "geometry": { "type": "Point", "coordinates": [ -0.1349977, 51.5654371 ] } },
{ "type": "Feature", "properties": { "city": "London", "type": "station", "x": 51.5583839, "y": -0.1074866, "gid": 10924, "Name": "Arsenal" }, "geometry": { "type": "Point", "coordinates": [ -0.1074866, 51.5583839 ] } },
{ "type": "Feature", "properties": { "city": "London", "type": "station", "x": 51.5225862, "y": -0.1567349, "gid": 10817, "Name": "Baker Street" }, "geometry": { "type": "Point", "coordinates": [ -0.1567349, 51.5225862 ] } },
{ "type": "Feature", "properties": { "city": "London", "type": "station", "x": 51.4428285, "y": -0.1514426, "gid": 10828, "Name": "Balham" }, "geometry": { "type": "Point", "coordinates": [ -0.1514426, 51.4428285 ] } },
{ "type": "Feature", "properties": { "city": "London", "type": "station", "x": 51.5131048, "y": -0.0893749, "gid": 10981, "Name": "Bank" }, "geometry": { "type": "Point", "coordinates": [ -0.0893749, 51.5131048 ] } },
{ "type": "Feature", "properties": { "city": "London", "type": "station", "x": 51.5201501, "y": -0.0986832, "gid": 10957, "Name": "Barbican" }, "geometry": { "type": "Point", "coordinates": [ -0.0986832, 51.5201501 ] } },
{ "type": "Feature", "properties": { "city": "London", "type": "station", "x": 51.466783, "y": -0.2411817, "gid": 10676, "Name": "Barnes" }, "geometry": { "type": "Point", "coordinates": [ -0.2411817, 51.466783 ] } },
{ "type": "Feature", "properties": { "city": "London", "type": "station", "x": 51.4902648, "y": -0.2136594, "gid": 10710, "Name": "Barons Court" }, "geometry": { "type": "Point", "coordinates": [ -0.2136594, 51.4902648 ] } },
{ "type": "Feature", "properties": { "city": "London", "type": "station", "x": 51.47761, "y": -0.1475846, "gid": 10835, "Name": "Battersea Park" }, "geometry": { "type": "Point", "coordinates": [ -0.1475846, 51.47761 ] } },
{ "type": "Feature", "properties": { "city": "London", "type": "station", "x": 51.5122764, "y": -0.1883854, "gid": 10763, "Name": "Bayswater" }, "geometry": { "type": "Point", "coordinates": [ -0.1883854, 51.5122764 ] } },
{ "type": "Feature", "properties": { "city": "London", "type": "station", "x": 51.5503088, "y": -0.1646146, "gid": 10806, "Name": "Belsize Park" }, "geometry": { "type": "Point", "coordinates": [ -0.1646146, 51.5503088 ] } },
{ "type": "Feature", "properties": { "city": "London", "type": "station", "x": 51.4977004, "y": -0.0643453, "gid": 11037, "Name": "Bermondsey" }, "geometry": { "type": "Point", "coordinates": [ -0.0643453, 51.4977004 ] } },
{ "type": "Feature", "properties": { "city": "London", "type": "station", "x": 51.5272449, "y": -0.054752, "gid": 11060, "Name": "Bethnal Green (under)" }, "geometry": { "type": "Point", "coordinates": [ -0.054752, 51.5272449 ] } },
{ "type": "Feature", "properties": { "city": "London", "type": "station", "x": 51.522402, "y": -0.0741338, "gid": 11017, "Name": "Bishopsgate Low Level" }, "geometry": { "type": "Point", "coordinates": [ -0.0741338, 51.522402 ] } },
{ "type": "Feature", "properties": { "city": "London", "type": "station", "x": 51.5115854, "y": -0.1037671, "gid": 10936, "Name": "Blackfriars" }, "geometry": { "type": "Point", "coordinates": [ -0.1037671, 51.5115854 ] } },
{ "type": "Feature", "properties": { "city": "London", "type": "station", "x": 51.4657989, "y": 0.0089218, "gid": 11172, "Name": "Blackheath" }, "geometry": { "type": "Point", "coordinates": [ 0.0089218, 51.4657989 ] } },
{ "type": "Feature", "properties": { "city": "London", "type": "station", "x": 51.5079378, "y": -0.0071843, "gid": 11178, "Name": "Blackwall" }, "geometry": { "type": "Point", "coordinates": [ -0.0071843, 51.5079378 ] } },
{ "type": "Feature", "properties": { "city": "London", "type": "station", "x": 51.514299, "y": -0.149002, "gid": 10831, "Name": "Bond Street" }, "geometry": { "type": "Point", "coordinates": [ -0.149002, 51.514299 ] } },
{ "type": "Feature", "properties": { "city": "London", "type": "station", "x": 51.5010844, "y": -0.0934125, "gid": 10968, "Name": "Borough" }, "geometry": { "type": "Point", "coordinates": [ -0.0934125, 51.5010844 ] } },
{ "type": "Feature", "properties": { "city": "London", "type": "station", "x": 51.5277892, "y": -0.0209266, "gid": 11139, "Name": "Bow Church" }, "geometry": { "type": "Point", "coordinates": [ -0.0209266, 51.5277892 ] } },
{ "type": "Feature", "properties": { "city": "London", "type": "station", "x": 51.5268535, "y": -0.024789, "gid": 11126, "Name": "Bow Road" }, "geometry": { "type": "Point", "coordinates": [ -0.024789, 51.5268535 ] } },
{ "type": "Feature", "properties": { "city": "London", "type": "station", "x": 51.4626818, "y": -0.1147325, "gid": 10906, "Name": "Brixton" }, "geometry": { "type": "Point", "coordinates": [ -0.1147325, 51.4626818 ] } },
{ "type": "Feature", "properties": { "city": "London", "type": "station", "x": 51.519304, "y": -0.0828012, "gid": 10993, "Name": "Broad Street" }, "geometry": { "type": "Point", "coordinates": [ -0.0828012, 51.519304 ] } },
{ "type": "Feature", "properties": { "city": "London", "type": "station", "x": 51.4646211, "y": -0.0375523, "gid": 11096, "Name": "Brockley" }, "geometry": { "type": "Point", "coordinates": [ -0.0375523, 51.4646211 ] } },
{ "type": "Feature", "properties": { "city": "London", "type": "station", "x": 51.5246287, "y": -0.0123189, "gid": 11165, "Name": "Bromley-by-Bow" }, "geometry": { "type": "Point", "coordinates": [ -0.0123189, 51.5246287 ] } },
{ "type": "Feature", "properties": { "city": "London", "type": "station", "x": 51.5450493, "y": -0.2025961, "gid": 10731, "Name": "Brondesbury" }, "geometry": { "type": "Point", "coordinates": [ -0.2025961, 51.5450493 ] } },
{ "type": "Feature", "properties": { "city": "London", "type": "station", "x": 51.5405138, "y": -0.2103359, "gid": 10716, "Name": "Brondesbury Park" }, "geometry": { "type": "Point", "coordinates": [ -0.2103359, 51.5405138 ] } },
{ "type": "Feature", "properties": { "city": "London", "type": "station", "x": 51.548482, "y": -0.1183585, "gid": 10902, "Name": "Caledonian Road" }, "geometry": { "type": "Point", "coordinates": [ -0.1183585, 51.548482 ] } },
{ "type": "Feature", "properties": { "city": "London", "type": "station", "x": 51.5435462, "y": -0.1148864, "gid": 10905, "Name": "Caledonian Road & Barnsbury" }, "geometry": { "type": "Point", "coordinates": [ -0.1148864, 51.5435462 ] } },
{ "type": "Feature", "properties": { "city": "London", "type": "station", "x": 51.5319544, "y": -0.0574215, "gid": 11049, "Name": "Cambridge Heath" }, "geometry": { "type": "Point", "coordinates": [ -0.0574215, 51.5319544 ] } },
{ "type": "Feature", "properties": { "city": "London", "type": "station", "x": 51.5419386, "y": -0.1395065, "gid": 10849, "Name": "Camden Road" }, "geometry": { "type": "Point", "coordinates": [ -0.1395065, 51.5419386 ] } },
{ "type": "Feature", "properties": { "city": "London", "type": "station", "x": 51.5394276, "y": -0.1426923, "gid": 10847, "Name": "Camden Town" }, "geometry": { "type": "Point", "coordinates": [ -0.1426923, 51.5394276 ] } },
{ "type": "Feature", "properties": { "city": "London", "type": "station", "x": 51.4979299, "y": -0.0498405, "gid": 11074, "Name": "Canada Water" }, "geometry": { "type": "Point", "coordinates": [ -0.0498405, 51.4979299 ] } },
{ "type": "Feature", "properties": { "city": "London", "type": "station", "x": 51.5035036, "y": -0.0186272, "gid": 11145, "Name": "Canary Wharf" }, "geometry": { "type": "Point", "coordinates": [ -0.0186272, 51.5035036 ] } },
{ "type": "Feature", "properties": { "city": "London", "type": "station", "x": 51.5051073, "y": -0.0209849, "gid": 11138, "Name": "Canary Wharf DLR" }, "geometry": { "type": "Point", "coordinates": [ -0.0209849, 51.5051073 ] } },
{ "type": "Feature", "properties": { "city": "London", "type": "station", "x": 51.5139887, "y": 0.0082987, "gid": 11176, "Name": "Canning Town" }, "geometry": { "type": "Point", "coordinates": [ 0.0082987, 51.5139887 ] } },
{ "type": "Feature", "properties": { "city": "London", "type": "station", "x": 51.5113812, "y": -0.0903632, "gid": 10978, "Name": "Cannon Street" }, "geometry": { "type": "Point", "coordinates": [ -0.0903632, 51.5113812 ] } },
{ "type": "Feature", "properties": { "city": "London", "type": "station", "x": 51.5485632, "y": -0.0930239, "gid": 10971, "Name": "Canonbury" }, "geometry": { "type": "Point", "coordinates": [ -0.0930239, 51.5485632 ] } },
{ "type": "Feature", "properties": { "city": "London", "type": "station", "x": 51.4444696, "y": -0.0261521, "gid": 11121, "Name": "Catford" }, "geometry": { "type": "Point", "coordinates": [ -0.0261521, 51.4444696 ] } },
{ "type": "Feature", "properties": { "city": "London", "type": "station", "x": 51.4445909, "y": -0.0249226, "gid": 11125, "Name": "Catford Bridge" }, "geometry": { "type": "Point", "coordinates": [ -0.0249226, 51.4445909 ] } },
{ "type": "Feature", "properties": { "city": "London", "type": "station", "x": 51.5441141, "y": -0.1534811, "gid": 10824, "Name": "Chalk Farm" }, "geometry": { "type": "Point", "coordinates": [ -0.1534811, 51.5441141 ] } },
{ "type": "Feature", "properties": { "city": "London", "type": "station", "x": 51.5181074, "y": -0.1123604, "gid": 10916, "Name": "Chancery Lane" }, "geometry": { "type": "Point", "coordinates": [ -0.1123604, 51.5181074 ] } },
{ "type": "Feature", "properties": { "city": "London", "type": "station", "x": 51.5079664, "y": -0.1263945, "gid": 10882, "Name": "Charing Cross" }, "geometry": { "type": "Point", "coordinates": [ -0.1263945, 51.5079664 ] } },
{ "type": "Feature", "properties": { "city": "London", "type": "station", "x": 51.5296972, "y": -0.0977626, "gid": 10959, "Name": "City Road" }, "geometry": { "type": "Point", "coordinates": [ -0.0977626, 51.5296972 ] } },
{ "type": "Feature", "properties": { "city": "London", "type": "station", "x": 51.5153401, "y": -0.1035311, "gid": 10938, "Name": "City Thameslink" }, "geometry": { "type": "Point", "coordinates": [ -0.1035311, 51.5153401 ] } },
{ "type": "Feature", "properties": { "city": "London", "type": "station", "x": 51.4620748, "y": -0.1373589, "gid": 10856, "Name": "Clapham Common" }, "geometry": { "type": "Point", "coordinates": [ -0.1373589, 51.4620748 ] } },
{ "type": "Feature", "properties": { "city": "London", "type": "station", "x": 51.4654853, "y": -0.1323141, "gid": 10869, "Name": "Clapham High Street" }, "geometry": { "type": "Point", "coordinates": [ -0.1323141, 51.4654853 ] } },
{ "type": "Feature", "properties": { "city": "London", "type": "station", "x": 51.4644589, "y": -0.1705184, "gid": 10794, "Name": "Clapham Junction" }, "geometry": { "type": "Point", "coordinates": [ -0.1705184, 51.4644589 ] } },
{ "type": "Feature", "properties": { "city": "London", "type": "station", "x": 51.4651241, "y": -0.1299205, "gid": 10874, "Name": "Clapham North" }, "geometry": { "type": "Point", "coordinates": [ -0.1299205, 51.4651241 ] } },
{ "type": "Feature", "properties": { "city": "London", "type": "station", "x": 51.4527671, "y": -0.1476057, "gid": 10834, "Name": "Clapham South" }, "geometry": { "type": "Point", "coordinates": [ -0.1476057, 51.4527671 ] } },
{ "type": "Feature", "properties": { "city": "London", "type": "station", "x": 51.561653, "y": -0.0568072, "gid": 11053, "Name": "Clapton" }, "geometry": { "type": "Point", "coordinates": [ -0.0568072, 51.561653 ] } },
{ "type": "Feature", "properties": { "city": "London", "type": "station", "x": 51.5288559, "y": -0.0329778, "gid": 11108, "Name": "Coborn Road" }, "geometry": { "type": "Point", "coordinates": [ -0.0329778, 51.5288559 ] } },
{ "type": "Feature", "properties": { "city": "London", "type": "station", "x": 51.5130942, "y": -0.1242695, "gid": 10888, "Name": "Covent Garden" }, "geometry": { "type": "Point", "coordinates": [ -0.1242695, 51.5130942 ] } },
{ "type": "Feature", "properties": { "city": "London", "type": "station", "x": 51.558717, "y": -0.2130289, "gid": 10711, "Name": "Cricklewood" }, "geometry": { "type": "Point", "coordinates": [ -0.2130289, 51.558717 ] } },
{ "type": "Feature", "properties": { "city": "London", "type": "station", "x": 51.4552107, "y": -0.0366376, "gid": 11098, "Name": "Crofton Park" }, "geometry": { "type": "Point", "coordinates": [ -0.0366376, 51.4552107 ] } },
{ "type": "Feature", "properties": { "city": "London", "type": "station", "x": 51.4959022, "y": -0.0144418, "gid": 11159, "Name": "Crossharbour" }, "geometry": { "type": "Point", "coordinates": [ -0.0144418, 51.4959022 ] } },
{ "type": "Feature", "properties": { "city": "London", "type": "station", "x": 51.5715568, "y": -0.1166037, "gid": 10904, "Name": "Crouch Hill" }, "geometry": { "type": "Point", "coordinates": [ -0.1166037, 51.5715568 ] } },
{ "type": "Feature", "properties": { "city": "London", "type": "station", "x": 51.4176595, "y": -0.0712666, "gid": 11022, "Name": "Crystal Palace" }, "geometry": { "type": "Point", "coordinates": [ -0.0712666, 51.4176595 ] } },
{ "type": "Feature", "properties": { "city": "London", "type": "station", "x": 51.5096306, "y": 0.0259075, "gid": 11123, "Name": "Custom House for ExCel" }, "geometry": { "type": "Point", "coordinates": [ 0.0259075, 51.5096306 ] } },
{ "type": "Feature", "properties": { "city": "London", "type": "station", "x": 51.481775, "y": -0.0106896, "gid": 11166, "Name": "Cutty Sark for Maritime Greenwich" }, "geometry": { "type": "Point", "coordinates": [ -0.0106896, 51.481775 ] } },
{ "type": "Feature", "properties": { "city": "London", "type": "station", "x": 51.5452841, "y": -0.074968, "gid": 11012, "Name": "Dalston Junction" }, "geometry": { "type": "Point", "coordinates": [ -0.074968, 51.5452841 ] } },
{ "type": "Feature", "properties": { "city": "London", "type": "station", "x": 51.5481908, "y": -0.0760535, "gid": 11007, "Name": "Dalston Kingsland" }, "geometry": { "type": "Point", "coordinates": [ -0.0760535, 51.5481908 ] } },
{ "type": "Feature", "properties": { "city": "London", "type": "station", "x": 51.468043, "y": -0.0896031, "gid": 10980, "Name": "Denmark Hill" }, "geometry": { "type": "Point", "coordinates": [ -0.0896031, 51.468043 ] } },
{ "type": "Feature", "properties": { "city": "London", "type": "station", "x": 51.4789824, "y": -0.0266353, "gid": 11118, "Name": "Deptford" }, "geometry": { "type": "Point", "coordinates": [ -0.0266353, 51.4789824 ] } },
{ "type": "Feature", "properties": { "city": "London", "type": "station", "x": 51.4741638, "y": -0.0223933, "gid": 11132, "Name": "Deptford Bridge" }, "geometry": { "type": "Point", "coordinates": [ -0.0223933, 51.4741638 ] } },
{ "type": "Feature", "properties": { "city": "London", "type": "station", "x": 51.5222078, "y": -0.0172729, "gid": 11148, "Name": "Devons Road" }, "geometry": { "type": "Point", "coordinates": [ -0.0172729, 51.5222078 ] } },
{ "type": "Feature", "properties": { "city": "London", "type": "station", "x": 51.5531063, "y": -0.1057696, "gid": 10929, "Name": "Drayton Park" }, "geometry": { "type": "Point", "coordinates": [ -0.1057696, 51.5531063 ] } },
{ "type": "Feature", "properties": { "city": "London", "type": "station", "x": 51.4916123, "y": -0.193903, "gid": 10748, "Name": "Earl's Court" }, "geometry": { "type": "Point", "coordinates": [ -0.193903, 51.4916123 ] } },
{ "type": "Feature", "properties": { "city": "London", "type": "station", "x": 51.4424033, "y": -0.1876937, "gid": 10766, "Name": "Earlsfield" }, "geometry": { "type": "Point", "coordinates": [ -0.1876937, 51.4424033 ] } },
{ "type": "Feature", "properties": { "city": "London", "type": "station", "x": 51.5173451, "y": -0.248137, "gid": 10668, "Name": "East Acton" }, "geometry": { "type": "Point", "coordinates": [ -0.248137, 51.5173451 ] } },
{ "type": "Feature", "properties": { "city": "London", "type": "station", "x": 51.4615604, "y": -0.0803888, "gid": 10996, "Name": "East Dulwich" }, "geometry": { "type": "Point", "coordinates": [ -0.0803888, 51.4615604 ] } },
{ "type": "Feature", "properties": { "city": "London", "type": "station", "x": 51.5093835, "y": -0.0021873, "gid": 11191, "Name": "East India" }, "geometry": { "type": "Point", "coordinates": [ -0.0021873, 51.5093835 ] } },
{ "type": "Feature", "properties": { "city": "London", "type": "station", "x": 51.4586138, "y": -0.2112429, "gid": 10712, "Name": "East Putney" }, "geometry": { "type": "Point", "coordinates": [ -0.2112429, 51.4586138 ] } },
{ "type": "Feature", "properties": { "city": "London", "type": "station", "x": 51.5204575, "y": -0.1702993, "gid": 10795, "Name": "Edgware Road (Bakerloo line)" }, "geometry": { "type": "Point", "coordinates": [ -0.1702993, 51.5204575 ] } },
{ "type": "Feature", "properties": { "city": "London", "type": "station", "x": 51.5202552, "y": -0.1665602, "gid": 10800, "Name": "Edgware Road (Circle, District and Hammersmith & City lines)" }, "geometry": { "type": "Point", "coordinates": [ -0.1665602, 51.5202552 ] } },
{ "type": "Feature", "properties": { "city": "London", "type": "station", "x": 51.4940431, "y": -0.0987169, "gid": 10955, "Name": "Elephant & Castle" }, "geometry": { "type": "Point", "coordinates": [ -0.0987169, 51.4940431 ] } },
{ "type": "Feature", "properties": { "city": "London", "type": "station", "x": 51.4685232, "y": -0.0162072, "gid": 11153, "Name": "Elverson Road" }, "geometry": { "type": "Point", "coordinates": [ -0.0162072, 51.4685232 ] } },
{ "type": "Feature", "properties": { "city": "London", "type": "station", "x": 51.5072143, "y": -0.1222409, "gid": 10896, "Name": "Embankment" }, "geometry": { "type": "Point", "coordinates": [ -0.1222409, 51.5072143 ] } },
{ "type": "Feature", "properties": { "city": "London", "type": "station", "x": 51.5407328, "y": -0.0961859, "gid": 10963, "Name": "Essex Road" }, "geometry": { "type": "Point", "coordinates": [ -0.0961859, 51.5407328 ] } },
{ "type": "Feature", "properties": { "city": "London", "type": "station", "x": 51.5282865, "y": -0.1338745, "gid": 10865, "Name": "Euston" }, "geometry": { "type": "Point", "coordinates": [ -0.1338745, 51.5282865 ] } },
{ "type": "Feature", "properties": { "city": "London", "type": "station", "x": 51.5256866, "y": -0.1355703, "gid": 10858, "Name": "Euston Square" }, "geometry": { "type": "Point", "coordinates": [ -0.1355703, 51.5256866 ] } },
{ "type": "Feature", "properties": { "city": "London", "type": "station", "x": 51.5201241, "y": -0.1047928, "gid": 10934, "Name": "Farringdon" }, "geometry": { "type": "Point", "coordinates": [ -0.1047928, 51.5201241 ] } },
{ "type": "Feature", "properties": { "city": "London", "type": "station", "x": 51.5472307, "y": -0.1806964, "gid": 10777, "Name": "Finchley Road" }, "geometry": { "type": "Point", "coordinates": [ -0.1806964, 51.5472307 ] } },
{ "type": "Feature", "properties": { "city": "London", "type": "station", "x": 51.5501046, "y": -0.1835754, "gid": 10772, "Name": "Finchley Road & Frognal" }, "geometry": { "type": "Point", "coordinates": [ -0.1835754, 51.5501046 ] } },
{ "type": "Feature", "properties": { "city": "London", "type": "station", "x": 51.5648345, "y": -0.1064144, "gid": 10926, "Name": "Finsbury Park" }, "geometry": { "type": "Point", "coordinates": [ -0.1064144, 51.5648345 ] } },
{ "type": "Feature", "properties": { "city": "London", "type": "station", "x": 51.4392419, "y": -0.0530903, "gid": 11065, "Name": "Forest Hill" }, "geometry": { "type": "Point", "coordinates": [ -0.0530903, 51.4392419 ] } },
{ "type": "Feature", "properties": { "city": "London", "type": "station", "x": 51.4808834, "y": -0.1943493, "gid": 10745, "Name": "Fulham Broadway" }, "geometry": { "type": "Point", "coordinates": [ -0.1943493, 51.4808834 ] } },
{ "type": "Feature", "properties": { "city": "London", "type": "station", "x": 51.4247042, "y": -0.0845885, "gid": 10990, "Name": "Gipsy Hill" }, "geometry": { "type": "Point", "coordinates": [ -0.0845885, 51.4247042 ] } },
{ "type": "Feature", "properties": { "city": "London", "type": "station", "x": 51.4945266, "y": -0.1837696, "gid": 10771, "Name": "Gloucester Road" }, "geometry": { "type": "Point", "coordinates": [ -0.1837696, 51.4945266 ] } },
{ "type": "Feature", "properties": { "city": "London", "type": "station", "x": 51.5723003, "y": -0.194027, "gid": 10747, "Name": "Golders Green" }, "geometry": { "type": "Point", "coordinates": [ -0.194027, 51.5723003 ] } },
{ "type": "Feature", "properties": { "city": "London", "type": "station", "x": 51.5017564, "y": -0.2265662, "gid": 10688, "Name": "Goldhawk Road" }, "geometry": { "type": "Point", "coordinates": [ -0.2265662, 51.5017564 ] } },
{ "type": "Feature", "properties": { "city": "London", "type": "station", "x": 51.5205978, "y": -0.1343573, "gid": 10862, "Name": "Goodge Street" }, "geometry": { "type": "Point", "coordinates": [ -0.1343573, 51.5205978 ] } },
{ "type": "Feature", "properties": { "city": "London", "type": "station", "x": 51.5554865, "y": -0.151577, "gid": 10827, "Name": "Gospel Oak" }, "geometry": { "type": "Point", "coordinates": [ -0.151577, 51.5554865 ] } },
{ "type": "Feature", "properties": { "city": "London", "type": "station", "x": 51.5238146, "y": -0.1437048, "gid": 10843, "Name": "Great Portland Street" }, "geometry": { "type": "Point", "coordinates": [ -0.1437048, 51.5238146 ] } },
{ "type": "Feature", "properties": { "city": "London", "type": "station", "x": 51.5066192, "y": -0.1429113, "gid": 10845, "Name": "Green Park" }, "geometry": { "type": "Point", "coordinates": [ -0.1429113, 51.5066192 ] } },
{ "type": "Feature", "properties": { "city": "London", "type": "station", "x": 51.4781136, "y": -0.0153803, "gid": 11155, "Name": "Greenwich" }, "geometry": { "type": "Point", "coordinates": [ -0.0153803, 51.4781136 ] } },
{ "type": "Feature", "properties": { "city": "London", "type": "station", "x": 51.5470605, "y": -0.0568749, "gid": 11052, "Name": "Hackney Central" }, "geometry": { "type": "Point", "coordinates": [ -0.0568749, 51.5470605 ] } },
{ "type": "Feature", "properties": { "city": "London", "type": "station", "x": 51.5486455, "y": -0.060686, "gid": 11044, "Name": "Hackney Downs" }, "geometry": { "type": "Point", "coordinates": [ -0.060686, 51.5486455 ] } },
{ "type": "Feature", "properties": { "city": "London", "type": "station", "x": 51.543433, "y": -0.0240839, "gid": 11127, "Name": "Hackney Wick" }, "geometry": { "type": "Point", "coordinates": [ -0.0240839, 51.543433 ] } },
{ "type": "Feature", "properties": { "city": "London", "type": "station", "x": 51.5385184, "y": -0.0753811, "gid": 11011, "Name": "Haggerston" }, "geometry": { "type": "Point", "coordinates": [ -0.0753811, 51.5385184 ] } },
{ "type": "Feature", "properties": { "city": "London", "type": "station", "x": 51.4935217, "y": -0.2249381, "gid": 10691, "Name": "Hammersmith (Circle and Hammersmith & City lines)" }, "geometry": { "type": "Point", "coordinates": [ -0.2249381, 51.4935217 ] } },
{ "type": "Feature", "properties": { "city": "London", "type": "station", "x": 51.4921398, "y": -0.2233005, "gid": 10695, "Name": "Hammersmith (District and Piccadilly lines)" }, "geometry": { "type": "Point", "coordinates": [ -0.2233005, 51.4921398 ] } },
{ "type": "Feature", "properties": { "city": "London", "type": "station", "x": 51.5565973, "y": -0.1784251, "gid": 10781, "Name": "Hampstead" }, "geometry": { "type": "Point", "coordinates": [ -0.1784251, 51.5565973 ] } },
{ "type": "Feature", "properties": { "city": "London", "type": "station", "x": 51.5552396, "y": -0.1653912, "gid": 10803, "Name": "Hampstead Heath" }, "geometry": { "type": "Point", "coordinates": [ -0.1653912, 51.5552396 ] } },
{ "type": "Feature", "properties": { "city": "London", "type": "station", "x": 51.5773885, "y": -0.1053581, "gid": 10931, "Name": "Harringay" }, "geometry": { "type": "Point", "coordinates": [ -0.1053581, 51.5773885 ] } },
{ "type": "Feature", "properties": { "city": "London", "type": "station", "x": 51.5772398, "y": -0.097888, "gid": 10958, "Name": "Harringay Green Lanes" }, "geometry": { "type": "Point", "coordinates": [ -0.097888, 51.5772398 ] } },
{ "type": "Feature", "properties": { "city": "London", "type": "station", "x": 51.4534691, "y": -0.1022835, "gid": 10944, "Name": "Herne Hill" }, "geometry": { "type": "Point", "coordinates": [ -0.1022835, 51.4534691 ] } },
{ "type": "Feature", "properties": { "city": "London", "type": "station", "x": 51.5030553, "y": -0.0215523, "gid": 11135, "Name": "Heron Quays" }, "geometry": { "type": "Point", "coordinates": [ -0.0215523, 51.5030553 ] } },
{ "type": "Feature", "properties": { "city": "London", "type": "station", "x": 51.5002995, "y": -0.1921096, "gid": 10754, "Name": "High Street Kensington" }, "geometry": { "type": "Point", "coordinates": [ -0.1921096, 51.5002995 ] } },
{ "type": "Feature", "properties": { "city": "London", "type": "station", "x": 51.5463679, "y": -0.1036544, "gid": 10937, "Name": "Highbury & Islington" }, "geometry": { "type": "Point", "coordinates": [ -0.1036544, 51.5463679 ] } },
{ "type": "Feature", "properties": { "city": "London", "type": "station", "x": 51.5776825, "y": -0.1458316, "gid": 10840, "Name": "Highgate" }, "geometry": { "type": "Point", "coordinates": [ -0.1458316, 51.5776825 ] } },
{ "type": "Feature", "properties": { "city": "London", "type": "station", "x": 51.4514446, "y": -0.0004955, "gid": 11194, "Name": "Hither Green" }, "geometry": { "type": "Point", "coordinates": [ -0.0004955, 51.4514446 ] } },
{ "type": "Feature", "properties": { "city": "London", "type": "station", "x": 51.5171149, "y": -0.1200657, "gid": 10900, "Name": "Holborn" }, "geometry": { "type": "Point", "coordinates": [ -0.1200657, 51.5171149 ] } },
{ "type": "Feature", "properties": { "city": "London", "type": "station", "x": 51.5071908, "y": -0.2055243, "gid": 10724, "Name": "Holland Park" }, "geometry": { "type": "Point", "coordinates": [ -0.2055243, 51.5071908 ] } },
{ "type": "Feature", "properties": { "city": "London", "type": "station", "x": 51.5528674, "y": -0.1130095, "gid": 10912, "Name": "Holloway Road" }, "geometry": { "type": "Point", "coordinates": [ -0.1130095, 51.5528674 ] } },
{ "type": "Feature", "properties": { "city": "London", "type": "station", "x": 51.5470789, "y": -0.043121, "gid": 11090, "Name": "Homerton" }, "geometry": { "type": "Point", "coordinates": [ -0.043121, 51.5470789 ] } },
{ "type": "Feature", "properties": { "city": "London", "type": "station", "x": 51.4500207, "y": -0.0453823, "gid": 11083, "Name": "Honor Oak Park" }, "geometry": { "type": "Point", "coordinates": [ -0.0453823, 51.4500207 ] } },
{ "type": "Feature", "properties": { "city": "London", "type": "station", "x": 51.5863215, "y": -0.1116832, "gid": 10918, "Name": "Hornsey" }, "geometry": { "type": "Point", "coordinates": [ -0.1116832, 51.5863215 ] } },
{ "type": "Feature", "properties": { "city": "London", "type": "station", "x": 51.5312914, "y": -0.0758535, "gid": 11008, "Name": "Hoxton" }, "geometry": { "type": "Point", "coordinates": [ -0.0758535, 51.5312914 ] } },
{ "type": "Feature", "properties": { "city": "London", "type": "station", "x": 51.5027264, "y": -0.1543249, "gid": 10820, "Name": "Hyde Park Corner" }, "geometry": { "type": "Point", "coordinates": [ -0.1543249, 51.5027264 ] } },
{ "type": "Feature", "properties": { "city": "London", "type": "station", "x": 51.475103, "y": -0.1829268, "gid": 10774, "Name": "Imperial Wharf" }, "geometry": { "type": "Point", "coordinates": [ -0.1829268, 51.475103 ] } },
{ "type": "Feature", "properties": { "city": "London", "type": "station", "x": 51.4880612, "y": -0.0105126, "gid": 11168, "Name": "Island Gardens" }, "geometry": { "type": "Point", "coordinates": [ -0.0105126, 51.4880612 ] } },
{ "type": "Feature", "properties": { "city": "London", "type": "station", "x": 51.4882861, "y": -0.1058829, "gid": 10928, "Name": "Kennington" }, "geometry": { "type": "Point", "coordinates": [ -0.1058829, 51.4882861 ] } },
{ "type": "Feature", "properties": { "city": "London", "type": "station", "x": 51.5306063, "y": -0.2244449, "gid": 10692, "Name": "Kensal Green" }, "geometry": { "type": "Point", "coordinates": [ -0.2244449, 51.5306063 ] } },
{ "type": "Feature", "properties": { "city": "London", "type": "station", "x": 51.5344634, "y": -0.2200978, "gid": 10698, "Name": "Kensal Rise" }, "geometry": { "type": "Point", "coordinates": [ -0.2200978, 51.5344634 ] } },
{ "type": "Feature", "properties": { "city": "London", "type": "station", "x": 51.497437, "y": -0.2094954, "gid": 10718, "Name": "Kensington (Olympia)" }, "geometry": { "type": "Point", "coordinates": [ -0.2094954, 51.497437 ] } },
{ "type": "Feature", "properties": { "city": "London", "type": "station", "x": 51.5501819, "y": -0.1388647, "gid": 10850, "Name": "Kentish Town" }, "geometry": { "type": "Point", "coordinates": [ -0.1388647, 51.5501819 ] } },
{ "type": "Feature", "properties": { "city": "London", "type": "station", "x": 51.5469937, "y": -0.1467554, "gid": 10836, "Name": "Kentish Town West" }, "geometry": { "type": "Point", "coordinates": [ -0.1467554, 51.5469937 ] } },
{ "type": "Feature", "properties": { "city": "London", "type": "station", "x": 51.5469889, "y": -0.2053385, "gid": 10726, "Name": "Kilburn" }, "geometry": { "type": "Point", "coordinates": [ -0.2053385, 51.5469889 ] } },
{ "type": "Feature", "properties": { "city": "London", "type": "station", "x": 51.5377475, "y": -0.1913533, "gid": 10756, "Name": "Kilburn High Road" }, "geometry": { "type": "Point", "coordinates": [ -0.1913533, 51.5377475 ] } },
{ "type": "Feature", "properties": { "city": "London", "type": "station", "x": 51.5350704, "y": -0.1943721, "gid": 10744, "Name": "Kilburn Park" }, "geometry": { "type": "Point", "coordinates": [ -0.1943721, 51.5350704 ] } },
{ "type": "Feature", "properties": { "city": "London", "type": "station", "x": 51.5302558, "y": -0.1240631, "gid": 10890, "Name": "King's Cross St Pancras" }, "geometry": { "type": "Point", "coordinates": [ -0.1240631, 51.5302558 ] } },
{ "type": "Feature", "properties": { "city": "London", "type": "station", "x": 51.5017546, "y": -0.1608199, "gid": 10812, "Name": "Knightsbridge" }, "geometry": { "type": "Point", "coordinates": [ -0.1608199, 51.5017546 ] } },
{ "type": "Feature", "properties": { "city": "London", "type": "station", "x": 51.5172639, "y": -0.2111019, "gid": 10713, "Name": "Ladbroke Grove" }, "geometry": { "type": "Point", "coordinates": [ -0.2111019, 51.5172639 ] } },
{ "type": "Feature", "properties": { "city": "London", "type": "station", "x": 51.4560257, "y": -0.0191917, "gid": 11143, "Name": "Ladywell" }, "geometry": { "type": "Point", "coordinates": [ -0.0191917, 51.4560257 ] } },
{ "type": "Feature", "properties": { "city": "London", "type": "station", "x": 51.4988343, "y": -0.1123736, "gid": 10915, "Name": "Lambeth North" }, "geometry": { "type": "Point", "coordinates": [ -0.1123736, 51.4988343 ] } },
{ "type": "Feature", "properties": { "city": "London", "type": "station", "x": 51.5118458, "y": -0.175108, "gid": 10787, "Name": "Lancaster Gate" }, "geometry": { "type": "Point", "coordinates": [ -0.175108, 51.5118458 ] } },
{ "type": "Feature", "properties": { "city": "London", "type": "station", "x": 51.5152051, "y": -0.0141164, "gid": 11160, "Name": "Langdon Park" }, "geometry": { "type": "Point", "coordinates": [ -0.0141164, 51.5152051 ] } },
{ "type": "Feature", "properties": { "city": "London", "type": "station", "x": 51.5134749, "y": -0.2177873, "gid": 10703, "Name": "Latimer Road" }, "geometry": { "type": "Point", "coordinates": [ -0.2177873, 51.5134749 ] } },
{ "type": "Feature", "properties": { "city": "London", "type": "station", "x": 51.5667512, "y": -0.0371218, "gid": 11097, "Name": "Lea Bridge" }, "geometry": { "type": "Point", "coordinates": [ -0.0371218, 51.5667512 ] } },
{ "type": "Feature", "properties": { "city": "London", "type": "station", "x": 51.5114642, "y": -0.1282641, "gid": 10876, "Name": "Leicester Square" }, "geometry": { "type": "Point", "coordinates": [ -0.1282641, 51.5114642 ] } },
{ "type": "Feature", "properties": { "city": "London", "type": "station", "x": 51.4656334, "y": -0.0140011, "gid": 11161, "Name": "Lewisham" }, "geometry": { "type": "Point", "coordinates": [ -0.0140011, 51.4656334 ] } },
{ "type": "Feature", "properties": { "city": "London", "type": "station", "x": 51.4649882, "y": -0.013007, "gid": 11164, "Name": "Lewisham DLR" }, "geometry": { "type": "Point", "coordinates": [ -0.013007, 51.4649882 ] } },
{ "type": "Feature", "properties": { "city": "London", "type": "station", "x": 51.5568183, "y": -0.0051322, "gid": 11182, "Name": "Leyton" }, "geometry": { "type": "Point", "coordinates": [ -0.0051322, 51.5568183 ] } },
{ "type": "Feature", "properties": { "city": "London", "type": "station", "x": 51.5128705, "y": -0.0390456, "gid": 11095, "Name": "Limehouse" }, "geometry": { "type": "Point", "coordinates": [ -0.0390456, 51.5128705 ] } },
{ "type": "Feature", "properties": { "city": "London", "type": "station", "x": 51.5123504, "y": -0.0394662, "gid": 11094, "Name": "Limehouse DLR" }, "geometry": { "type": "Point", "coordinates": [ -0.0394662, 51.5123504 ] } },
{ "type": "Feature", "properties": { "city": "London", "type": "station", "x": 51.5104871, "y": -0.1032417, "gid": 10942, "Name": "London Blackfriars" }, "geometry": { "type": "Point", "coordinates": [ -0.1032417, 51.5104871 ] } },
{ "type": "Feature", "properties": { "city": "London", "type": "station", "x": 51.5050313, "y": -0.0858923, "gid": 10989, "Name": "London Bridge" }, "geometry": { "type": "Point", "coordinates": [ -0.0858923, 51.5050313 ] } },
{ "type": "Feature", "properties": { "city": "London", "type": "station", "x": 51.5106685, "y": -0.0906046, "gid": 10977, "Name": "London Cannon Street" }, "geometry": { "type": "Point", "coordinates": [ -0.0906046, 51.5106685 ] } },
{ "type": "Feature", "properties": { "city": "London", "type": "station", "x": 51.528808, "y": -0.1342549, "gid": 10863, "Name": "London Euston" }, "geometry": { "type": "Point", "coordinates": [ -0.1342549, 51.528808 ] } },
{ "type": "Feature", "properties": { "city": "London", "type": "station", "x": 51.5113281, "y": -0.0774191, "gid": 11003, "Name": "London Fenchurch Street" }, "geometry": { "type": "Point", "coordinates": [ -0.0774191, 51.5113281 ] } },
{ "type": "Feature", "properties": { "city": "London", "type": "station", "x": 51.5410518, "y": -0.0577737, "gid": 11048, "Name": "London Fields" }, "geometry": { "type": "Point", "coordinates": [ -0.0577737, 51.5410518 ] } },
{ "type": "Feature", "properties": { "city": "London", "type": "station", "x": 51.5323954, "y": -0.1230224, "gid": 10893, "Name": "London King's Cross" }, "geometry": { "type": "Point", "coordinates": [ -0.1230224, 51.5323954 ] } },
{ "type": "Feature", "properties": { "city": "London", "type": "station", "x": 51.518043, "y": -0.0817735, "gid": 10994, "Name": "London Liverpool Street" }, "geometry": { "type": "Point", "coordinates": [ -0.0817735, 51.518043 ] } },
{ "type": "Feature", "properties": { "city": "London", "type": "station", "x": 51.52427, "y": -0.1634083, "gid": 10810, "Name": "London Marylebone" }, "geometry": { "type": "Point", "coordinates": [ -0.1634083, 51.52427 ] } },
{ "type": "Feature", "properties": { "city": "London", "type": "station", "x": 51.5170856, "y": -0.1775422, "gid": 10784, "Name": "London Paddington" }, "geometry": { "type": "Point", "coordinates": [ -0.1775422, 51.5170856 ] } },
{ "type": "Feature", "properties": { "city": "London", "type": "station", "x": 51.5318912, "y": -0.1268506, "gid": 10880, "Name": "London St. Pancras International" }, "geometry": { "type": "Point", "coordinates": [ -0.1268506, 51.5318912 ] } },
{ "type": "Feature", "properties": { "city": "London", "type": "station", "x": 51.4947328, "y": -0.1445802, "gid": 10842, "Name": "London Victoria" }, "geometry": { "type": "Point", "coordinates": [ -0.1445802, 51.4947328 ] } },
{ "type": "Feature", "properties": { "city": "London", "type": "station", "x": 51.5028379, "y": -0.112801, "gid": 10913, "Name": "London Waterloo" }, "geometry": { "type": "Point", "coordinates": [ -0.112801, 51.5028379 ] } },
{ "type": "Feature", "properties": { "city": "London", "type": "station", "x": 51.4661915, "y": -0.1021788, "gid": 10945, "Name": "Loughborough Junction" }, "geometry": { "type": "Point", "coordinates": [ -0.1021788, 51.4661915 ] } },
{ "type": "Feature", "properties": { "city": "London", "type": "station", "x": 51.5297928, "y": -0.1857906, "gid": 10769, "Name": "Maida Vale" }, "geometry": { "type": "Point", "coordinates": [ -0.1857906, 51.5297928 ] } },
{ "type": "Feature", "properties": { "city": "London", "type": "station", "x": 51.5410956, "y": -0.1253075, "gid": 10884, "Name": "Maiden Lane" }, "geometry": { "type": "Point", "coordinates": [ -0.1253075, 51.5410956 ] } },
{ "type": "Feature", "properties": { "city": "London", "type": "station", "x": 51.5703208, "y": -0.0963971, "gid": 10962, "Name": "Manor House" }, "geometry": { "type": "Point", "coordinates": [ -0.0963971, 51.5703208 ] } },
{ "type": "Feature", "properties": { "city": "London", "type": "station", "x": 51.5118924, "y": -0.0952228, "gid": 10965, "Name": "Mansion House" }, "geometry": { "type": "Point", "coordinates": [ -0.0952228, 51.5118924 ] } },
{ "type": "Feature", "properties": { "city": "London", "type": "station", "x": 51.513435, "y": -0.1582531, "gid": 10815, "Name": "Marble Arch" }, "geometry": { "type": "Point", "coordinates": [ -0.1582531, 51.513435 ] } },
{ "type": "Feature", "properties": { "city": "London", "type": "station", "x": 51.5460532, "y": 0.0059223, "gid": 11180, "Name": "Maryland" }, "geometry": { "type": "Point", "coordinates": [ 0.0059223, 51.5460532 ] } },
{ "type": "Feature", "properties": { "city": "London", "type": "station", "x": 51.5222363, "y": -0.1635046, "gid": 10809, "Name": "Marylebone" }, "geometry": { "type": "Point", "coordinates": [ -0.1635046, 51.5222363 ] } },
{ "type": "Feature", "properties": { "city": "London", "type": "station", "x": 51.482607, "y": 0.0038458, "gid": 11188, "Name": "Maze Hill" }, "geometry": { "type": "Point", "coordinates": [ 0.0038458, 51.482607 ] } },
{ "type": "Feature", "properties": { "city": "London", "type": "station", "x": 51.5253378, "y": -0.033435, "gid": 11104, "Name": "Mile End" }, "geometry": { "type": "Point", "coordinates": [ -0.033435, 51.5253378 ] } },
{ "type": "Feature", "properties": { "city": "London", "type": "station", "x": 51.5106328, "y": -0.0861271, "gid": 10988, "Name": "Monument" }, "geometry": { "type": "Point", "coordinates": [ -0.0861271, 51.5106328 ] } },
{ "type": "Feature", "properties": { "city": "London", "type": "station", "x": 51.5182516, "y": -0.0890625, "gid": 10982, "Name": "Moorgate" }, "geometry": { "type": "Point", "coordinates": [ -0.0890625, 51.5182516 ] } },
{ "type": "Feature", "properties": { "city": "London", "type": "station", "x": 51.5340608, "y": -0.1380918, "gid": 10854, "Name": "Mornington Crescent" }, "geometry": { "type": "Point", "coordinates": [ -0.1380918, 51.5340608 ] } },
{ "type": "Feature", "properties": { "city": "London", "type": "station", "x": 51.4915188, "y": -0.0149135, "gid": 11156, "Name": "Mudchute" }, "geometry": { "type": "Point", "coordinates": [ -0.0149135, 51.4915188 ] } },
{ "type": "Feature", "properties": { "city": "London", "type": "station", "x": 51.4763706, "y": -0.0326237, "gid": 11109, "Name": "New Cross" }, "geometry": { "type": "Point", "coordinates": [ -0.0326237, 51.4763706 ] } },
{ "type": "Feature", "properties": { "city": "London", "type": "station", "x": 51.4752983, "y": -0.0404289, "gid": 11092, "Name": "New Cross Gate" }, "geometry": { "type": "Point", "coordinates": [ -0.0404289, 51.4752983 ] } },
{ "type": "Feature", "properties": { "city": "London", "type": "station", "x": 51.4541783, "y": -0.0883292, "gid": 10986, "Name": "North Dulwich" }, "geometry": { "type": "Point", "coordinates": [ -0.0883292, 51.4541783 ] } },
{ "type": "Feature", "properties": { "city": "London", "type": "station", "x": 51.500574, "y": 0.0043201, "gid": 11186, "Name": "North Greenwich" }, "geometry": { "type": "Point", "coordinates": [ 0.0043201, 51.500574 ] } },
{ "type": "Feature", "properties": { "city": "London", "type": "station", "x": 51.5089252, "y": -0.1961978, "gid": 10740, "Name": "Notting Hill Gate" }, "geometry": { "type": "Point", "coordinates": [ -0.1961978, 51.5089252 ] } },
{ "type": "Feature", "properties": { "city": "London", "type": "station", "x": 51.4668348, "y": -0.0523755, "gid": 11068, "Name": "Nunhead" }, "geometry": { "type": "Point", "coordinates": [ -0.0523755, 51.4668348 ] } },
{ "type": "Feature", "properties": { "city": "London", "type": "station", "x": 51.5256284, "y": -0.0876094, "gid": 10987, "Name": "Old Street" }, "geometry": { "type": "Point", "coordinates": [ -0.0876094, 51.5256284 ] } },
{ "type": "Feature", "properties": { "city": "London", "type": "station", "x": 51.4818339, "y": -0.1123953, "gid": 10914, "Name": "Oval" }, "geometry": { "type": "Point", "coordinates": [ -0.1123953, 51.4818339 ] } },
{ "type": "Feature", "properties": { "city": "London", "type": "station", "x": 51.5151808, "y": -0.1410118, "gid": 10848, "Name": "Oxford Circus" }, "geometry": { "type": "Point", "coordinates": [ -0.1410118, 51.5151808 ] } },
{ "type": "Feature", "properties": { "city": "London", "type": "station", "x": 51.5158383, "y": -0.1748481, "gid": 10789, "Name": "Paddington (Bakerloo, Circle and District lines)" }, "geometry": { "type": "Point", "coordinates": [ -0.1748481, 51.5158383 ] } },
{ "type": "Feature", "properties": { "city": "London", "type": "station", "x": 51.5185075, "y": -0.1787546, "gid": 10780, "Name": "Paddington (Circle and Hammersmith & City lines)" }, "geometry": { "type": "Point", "coordinates": [ -0.1787546, 51.5185075 ] } },
{ "type": "Feature", "properties": { "city": "London", "type": "station", "x": 51.4750837, "y": -0.201549, "gid": 10732, "Name": "Parsons Green" }, "geometry": { "type": "Point", "coordinates": [ -0.201549, 51.4750837 ] } },
{ "type": "Feature", "properties": { "city": "London", "type": "station", "x": 51.469919, "y": -0.0696968, "gid": 11028, "Name": "Peckham Rye" }, "geometry": { "type": "Point", "coordinates": [ -0.0696968, 51.469919 ] } },
{ "type": "Feature", "properties": { "city": "London", "type": "station", "x": 51.5098192, "y": -0.1345484, "gid": 10861, "Name": "Piccadilly Circus" }, "geometry": { "type": "Point", "coordinates": [ -0.1345484, 51.5098192 ] } },
{ "type": "Feature", "properties": { "city": "London", "type": "station", "x": 51.4891886, "y": -0.1335498, "gid": 10866, "Name": "Pimlico" }, "geometry": { "type": "Point", "coordinates": [ -0.1335498, 51.4891886 ] } },
{ "type": "Feature", "properties": { "city": "London", "type": "station", "x": 51.5311544, "y": 0.0166833, "gid": 11151, "Name": "Plaistow" }, "geometry": { "type": "Point", "coordinates": [ 0.0166833, 51.5311544 ] } },
{ "type": "Feature", "properties": { "city": "London", "type": "station", "x": 51.5076791, "y": -0.0169979, "gid": 11150, "Name": "Poplar" }, "geometry": { "type": "Point", "coordinates": [ -0.0169979, 51.5076791 ] } },
{ "type": "Feature", "properties": { "city": "London", "type": "station", "x": 51.5430599, "y": -0.1541668, "gid": 10821, "Name": "Primrose Hill" }, "geometry": { "type": "Point", "coordinates": [ -0.1541668, 51.5430599 ] } },
{ "type": "Feature", "properties": { "city": "London", "type": "station", "x": 51.5338301, "y": -0.0135365, "gid": 11162, "Name": "Pudding Mill Lane" }, "geometry": { "type": "Point", "coordinates": [ -0.0135365, 51.5338301 ] } },
{ "type": "Feature", "properties": { "city": "London", "type": "station", "x": 51.4609339, "y": -0.2153478, "gid": 10705, "Name": "Putney" }, "geometry": { "type": "Point", "coordinates": [ -0.2153478, 51.4609339 ] } },
{ "type": "Feature", "properties": { "city": "London", "type": "station", "x": 51.4682995, "y": -0.2087947, "gid": 10719, "Name": "Putney Bridge" }, "geometry": { "type": "Point", "coordinates": [ -0.2087947, 51.4682995 ] } },
{ "type": "Feature", "properties": { "city": "London", "type": "station", "x": 51.533873, "y": -0.2054958, "gid": 10725, "Name": "Queen's Park" }, "geometry": { "type": "Point", "coordinates": [ -0.2054958, 51.533873 ] } },
{ "type": "Feature", "properties": { "city": "London", "type": "station", "x": 51.4736737, "y": -0.0573427, "gid": 11050, "Name": "Queens Road Peckham" }, "geometry": { "type": "Point", "coordinates": [ -0.0573427, 51.4736737 ] } },
{ "type": "Feature", "properties": { "city": "London", "type": "station", "x": 51.4752161, "y": -0.1462935, "gid": 10839, "Name": "Queenstown Road" }, "geometry": { "type": "Point", "coordinates": [ -0.1462935, 51.4752161 ] } },
{ "type": "Feature", "properties": { "city": "London", "type": "station", "x": 51.5104729, "y": -0.1872329, "gid": 10768, "Name": "Queensway" }, "geometry": { "type": "Point", "coordinates": [ -0.1872329, 51.5104729 ] } },
{ "type": "Feature", "properties": { "city": "London", "type": "station", "x": 51.4941293, "y": -0.2357932, "gid": 10683, "Name": "Ravenscourt Park" }, "geometry": { "type": "Point", "coordinates": [ -0.2357932, 51.4941293 ] } },
{ "type": "Feature", "properties": { "city": "London", "type": "station", "x": 51.5586325, "y": -0.0684061, "gid": 11033, "Name": "Rectory Road" }, "geometry": { "type": "Point", "coordinates": [ -0.0684061, 51.5586325 ] } },
{ "type": "Feature", "properties": { "city": "London", "type": "station", "x": 51.5236277, "y": -0.1466357, "gid": 10837, "Name": "Regent's Park" }, "geometry": { "type": "Point", "coordinates": [ -0.1466357, 51.5236277 ] } },
{ "type": "Feature", "properties": { "city": "London", "type": "station", "x": 51.5007782, "y": -0.0519063, "gid": 11070, "Name": "Rotherhithe" }, "geometry": { "type": "Point", "coordinates": [ -0.0519063, 51.5007782 ] } },
{ "type": "Feature", "properties": { "city": "London", "type": "station", "x": 51.5190222, "y": -0.1874439, "gid": 10767, "Name": "Royal Oak" }, "geometry": { "type": "Point", "coordinates": [ -0.1874439, 51.5190222 ] } },
{ "type": "Feature", "properties": { "city": "London", "type": "station", "x": 51.5091026, "y": 0.0175953, "gid": 11146, "Name": "Royal Victoria" }, "geometry": { "type": "Point", "coordinates": [ 0.0175953, 51.5091026 ] } },
{ "type": "Feature", "properties": { "city": "London", "type": "station", "x": 51.5230529, "y": -0.1242529, "gid": 10889, "Name": "Russell Square" }, "geometry": { "type": "Point", "coordinates": [ -0.1242529, 51.5230529 ] } },
{ "type": "Feature", "properties": { "city": "London", "type": "station", "x": 51.5824738, "y": -0.0749325, "gid": 11013, "Name": "Seven Sisters" }, "geometry": { "type": "Point", "coordinates": [ -0.0749325, 51.5824738 ] } },
{ "type": "Feature", "properties": { "city": "London", "type": "station", "x": 51.51125, "y": -0.0569241, "gid": 11051, "Name": "Shadwell" }, "geometry": { "type": "Point", "coordinates": [ -0.0569241, 51.51125 ] } },
{ "type": "Feature", "properties": { "city": "London", "type": "station", "x": 51.5117593, "y": -0.0554867, "gid": 11056, "Name": "Shadwell DLR" }, "geometry": { "type": "Point", "coordinates": [ -0.0554867, 51.5117593 ] } },
{ "type": "Feature", "properties": { "city": "London", "type": "station", "x": 51.5043576, "y": -0.2183251, "gid": 10700, "Name": "Shepherd's Bush" }, "geometry": { "type": "Point", "coordinates": [ -0.2183251, 51.5043576 ] } },
{ "type": "Feature", "properties": { "city": "London", "type": "station", "x": 51.5060722, "y": -0.2262886, "gid": 10690, "Name": "Shepherd's Bush Market" }, "geometry": { "type": "Point", "coordinates": [ -0.2262886, 51.5060722 ] } },
{ "type": "Feature", "properties": { "city": "London", "type": "station", "x": 51.5232534, "y": -0.0744674, "gid": 11016, "Name": "Shoreditch High Street" }, "geometry": { "type": "Point", "coordinates": [ -0.0744674, 51.5232534 ] } },
{ "type": "Feature", "properties": { "city": "London", "type": "station", "x": 51.4922674, "y": -0.1561319, "gid": 10818, "Name": "Sloane Square" }, "geometry": { "type": "Point", "coordinates": [ -0.1561319, 51.4922674 ] } },
{ "type": "Feature", "properties": { "city": "London", "type": "station", "x": 51.4879512, "y": -0.0544564, "gid": 11062, "Name": "South Bermondsey" }, "geometry": { "type": "Point", "coordinates": [ -0.0544564, 51.4879512 ] } },
{ "type": "Feature", "properties": { "city": "London", "type": "station", "x": 51.5414337, "y": -0.1788007, "gid": 10779, "Name": "South Hampstead" }, "geometry": { "type": "Point", "coordinates": [ -0.1788007, 51.5414337 ] } },
{ "type": "Feature", "properties": { "city": "London", "type": "station", "x": 51.4940494, "y": -0.1730439, "gid": 10791, "Name": "South Kensington" }, "geometry": { "type": "Point", "coordinates": [ -0.1730439, 51.4940494 ] } },
{ "type": "Feature", "properties": { "city": "London", "type": "station", "x": 51.5000357, "y": -0.0162525, "gid": 11152, "Name": "South Quay" }, "geometry": { "type": "Point", "coordinates": [ -0.0162525, 51.5000357 ] } },
{ "type": "Feature", "properties": { "city": "London", "type": "station", "x": 51.5804433, "y": -0.0717169, "gid": 11021, "Name": "South Tottenham" }, "geometry": { "type": "Point", "coordinates": [ -0.0717169, 51.5804433 ] } },
{ "type": "Feature", "properties": { "city": "London", "type": "station", "x": 51.4457751, "y": -0.2066142, "gid": 10720, "Name": "Southfields" }, "geometry": { "type": "Point", "coordinates": [ -0.2066142, 51.4457751 ] } },
{ "type": "Feature", "properties": { "city": "London", "type": "station", "x": 51.5040996, "y": -0.1050541, "gid": 10932, "Name": "Southwark" }, "geometry": { "type": "Point", "coordinates": [ -0.1050541, 51.5040996 ] } },
{ "type": "Feature", "properties": { "city": "London", "type": "station", "x": 51.4690905, "y": -0.0221846, "gid": 11134, "Name": "St Johns" }, "geometry": { "type": "Point", "coordinates": [ -0.0221846, 51.4690905 ] } },
{ "type": "Feature", "properties": { "city": "London", "type": "station", "x": 51.4992816, "y": -0.1345942, "gid": 10860, "Name": "St. James's Park" }, "geometry": { "type": "Point", "coordinates": [ -0.1345942, 51.4992816 ] } },
{ "type": "Feature", "properties": { "city": "London", "type": "station", "x": 51.5353523, "y": -0.1742097, "gid": 10790, "Name": "St. John's Wood" }, "geometry": { "type": "Point", "coordinates": [ -0.1742097, 51.5353523 ] } },
{ "type": "Feature", "properties": { "city": "London", "type": "station", "x": 51.5154195, "y": -0.0987321, "gid": 10954, "Name": "St. Paul's" }, "geometry": { "type": "Point", "coordinates": [ -0.0987321, 51.5154195 ] } },
{ "type": "Feature", "properties": { "city": "London", "type": "station", "x": 51.4949692, "y": -0.2458881, "gid": 10670, "Name": "Stamford Brook" }, "geometry": { "type": "Point", "coordinates": [ -0.2458881, 51.4949692 ] } },
{ "type": "Feature", "properties": { "city": "London", "type": "station", "x": 51.5744324, "y": -0.0766481, "gid": 11006, "Name": "Stamford Hill" }, "geometry": { "type": "Point", "coordinates": [ -0.0766481, 51.5744324 ] } },
{ "type": "Feature", "properties": { "city": "London", "type": "station", "x": 51.5205083, "y": 0.0043357, "gid": 11185, "Name": "Star Lane" }, "geometry": { "type": "Point", "coordinates": [ 0.0043357, 51.5205083 ] } },
{ "type": "Feature", "properties": { "city": "London", "type": "station", "x": 51.5217026, "y": -0.0467147, "gid": 11080, "Name": "Stepney Green" }, "geometry": { "type": "Point", "coordinates": [ -0.0467147, 51.5217026 ] } },
{ "type": "Feature", "properties": { "city": "London", "type": "station", "x": 51.472211, "y": -0.1225014, "gid": 10895, "Name": "Stockwell" }, "geometry": { "type": "Point", "coordinates": [ -0.1225014, 51.472211 ] } },
{ "type": "Feature", "properties": { "city": "London", "type": "station", "x": 51.5650626, "y": -0.0726771, "gid": 11019, "Name": "Stoke Newington" }, "geometry": { "type": "Point", "coordinates": [ -0.0726771, 51.5650626 ] } },
{ "type": "Feature", "properties": { "city": "London", "type": "station", "x": 51.541289, "y": -0.0035472, "gid": 11190, "Name": "Stratford" }, "geometry": { "type": "Point", "coordinates": [ -0.0035472, 51.541289 ] } },
{ "type": "Feature", "properties": { "city": "London", "type": "station", "x": 51.5376469, "y": -0.0001288, "gid": 11196, "Name": "Stratford High Street" }, "geometry": { "type": "Point", "coordinates": [ -0.0001288, 51.5376469 ] } },
{ "type": "Feature", "properties": { "city": "London", "type": "station", "x": 51.5447954, "y": -0.0087494, "gid": 11173, "Name": "Stratford International" }, "geometry": { "type": "Point", "coordinates": [ -0.0087494, 51.5447954 ] } },
{ "type": "Feature", "properties": { "city": "London", "type": "station", "x": 51.5457077, "y": -0.009359, "gid": 11171, "Name": "Stratford International DLR" }, "geometry": { "type": "Point", "coordinates": [ -0.009359, 51.5457077 ] } },
{ "type": "Feature", "properties": { "city": "London", "type": "station", "x": 51.4258351, "y": -0.1315892, "gid": 10870, "Name": "Streatham" }, "geometry": { "type": "Point", "coordinates": [ -0.1315892, 51.4258351 ] } },
{ "type": "Feature", "properties": { "city": "London", "type": "station", "x": 51.4185662, "y": -0.1359263, "gid": 10857, "Name": "Streatham Common" }, "geometry": { "type": "Point", "coordinates": [ -0.1359263, 51.4185662 ] } },
{ "type": "Feature", "properties": { "city": "London", "type": "station", "x": 51.438286, "y": -0.1275511, "gid": 10879, "Name": "Streatham Hill" }, "geometry": { "type": "Point", "coordinates": [ -0.1275511, 51.438286 ] } },
{ "type": "Feature", "properties": { "city": "London", "type": "station", "x": 51.4934207, "y": -0.0478319, "gid": 11077, "Name": "Surrey Quays" }, "geometry": { "type": "Point", "coordinates": [ -0.0478319, 51.4934207 ] } },
{ "type": "Feature", "properties": { "city": "London", "type": "station", "x": 51.543722, "y": -0.174982, "gid": 10788, "Name": "Swiss Cottage" }, "geometry": { "type": "Point", "coordinates": [ -0.174982, 51.543722 ] } },
{ "type": "Feature", "properties": { "city": "London", "type": "station", "x": 51.4269433, "y": -0.0545387, "gid": 11061, "Name": "Sydenham" }, "geometry": { "type": "Point", "coordinates": [ -0.0545387, 51.4269433 ] } },
{ "type": "Feature", "properties": { "city": "London", "type": "station", "x": 51.4326101, "y": -0.0801504, "gid": 10997, "Name": "Sydenham Hill" }, "geometry": { "type": "Point", "coordinates": [ -0.0801504, 51.4326101 ] } },
{ "type": "Feature", "properties": { "city": "London", "type": "station", "x": 51.5109659, "y": -0.1143345, "gid": 10907, "Name": "Temple" }, "geometry": { "type": "Point", "coordinates": [ -0.1143345, 51.5109659 ] } },
{ "type": "Feature", "properties": { "city": "London", "type": "station", "x": 51.4198285, "y": -0.1611959, "gid": 10811, "Name": "Tooting" }, "geometry": { "type": "Point", "coordinates": [ -0.1611959, 51.4198285 ] } },
{ "type": "Feature", "properties": { "city": "London", "type": "station", "x": 51.4356086, "y": -0.1596548, "gid": 10813, "Name": "Tooting Bec" }, "geometry": { "type": "Point", "coordinates": [ -0.1596548, 51.4356086 ] } },
{ "type": "Feature", "properties": { "city": "London", "type": "station", "x": 51.4277494, "y": -0.1683026, "gid": 10799, "Name": "Tooting Broadway" }, "geometry": { "type": "Point", "coordinates": [ -0.1683026, 51.4277494 ] } },
{ "type": "Feature", "properties": { "city": "London", "type": "station", "x": 51.5162649, "y": -0.130641, "gid": 10873, "Name": "Tottenham Court Road" }, "geometry": { "type": "Point", "coordinates": [ -0.130641, 51.5162649 ] } },
{ "type": "Feature", "properties": { "city": "London", "type": "station", "x": 51.5106288, "y": -0.0739505, "gid": 11018, "Name": "Tower Gateway" }, "geometry": { "type": "Point", "coordinates": [ -0.0739505, 51.5106288 ] } },
{ "type": "Feature", "properties": { "city": "London", "type": "station", "x": 51.5098481, "y": -0.0766986, "gid": 11005, "Name": "Tower Hill" }, "geometry": { "type": "Point", "coordinates": [ -0.0766986, 51.5098481 ] } },
{ "type": "Feature", "properties": { "city": "London", "type": "station", "x": 51.5568005, "y": -0.138457, "gid": 10852, "Name": "Tufnell Park" }, "geometry": { "type": "Point", "coordinates": [ -0.138457, 51.5568005 ] } },
{ "type": "Feature", "properties": { "city": "London", "type": "station", "x": 51.439867, "y": -0.1050481, "gid": 10933, "Name": "Tulse Hill" }, "geometry": { "type": "Point", "coordinates": [ -0.1050481, 51.439867 ] } },
{ "type": "Feature", "properties": { "city": "London", "type": "station", "x": 51.4951314, "y": -0.2546948, "gid": 10661, "Name": "Turnham Green" }, "geometry": { "type": "Point", "coordinates": [ -0.2546948, 51.4951314 ] } },
{ "type": "Feature", "properties": { "city": "London", "type": "station", "x": 51.5901482, "y": -0.1027442, "gid": 10943, "Name": "Turnpike Lane" }, "geometry": { "type": "Point", "coordinates": [ -0.1027442, 51.5901482 ] } },
{ "type": "Feature", "properties": { "city": "London", "type": "station", "x": 51.563474, "y": -0.1296473, "gid": 10875, "Name": "Upper Holloway" }, "geometry": { "type": "Point", "coordinates": [ -0.1296473, 51.563474 ] } },
{ "type": "Feature", "properties": { "city": "London", "type": "station", "x": 51.4860091, "y": -0.1248604, "gid": 10887, "Name": "Vauxhall" }, "geometry": { "type": "Point", "coordinates": [ -0.1248604, 51.4860091 ] } },
{ "type": "Feature", "properties": { "city": "London", "type": "station", "x": 51.4963688, "y": -0.1431522, "gid": 10844, "Name": "Victoria" }, "geometry": { "type": "Point", "coordinates": [ -0.1431522, 51.4963688 ] } },
{ "type": "Feature", "properties": { "city": "London", "type": "station", "x": 51.4461242, "y": -0.1635168, "gid": 10808, "Name": "Wandsworth Common" }, "geometry": { "type": "Point", "coordinates": [ -0.1635168, 51.4461242 ] } },
{ "type": "Feature", "properties": { "city": "London", "type": "station", "x": 51.4699602, "y": -0.1384355, "gid": 10853, "Name": "Wandsworth Road" }, "geometry": { "type": "Point", "coordinates": [ -0.1384355, 51.4699602 ] } },
{ "type": "Feature", "properties": { "city": "London", "type": "station", "x": 51.4609627, "y": -0.1882512, "gid": 10765, "Name": "Wandsworth Town" }, "geometry": { "type": "Point", "coordinates": [ -0.1882512, 51.4609627 ] } },
{ "type": "Feature", "properties": { "city": "London", "type": "station", "x": 51.5044344, "y": -0.0560206, "gid": 11055, "Name": "Wapping" }, "geometry": { "type": "Point", "coordinates": [ -0.0560206, 51.5044344 ] } },
{ "type": "Feature", "properties": { "city": "London", "type": "station", "x": 51.5247178, "y": -0.1385303, "gid": 10851, "Name": "Warren Street" }, "geometry": { "type": "Point", "coordinates": [ -0.1385303, 51.5247178 ] } },
{ "type": "Feature", "properties": { "city": "London", "type": "station", "x": 51.5229834, "y": -0.1833083, "gid": 10773, "Name": "Warwick Avenue" }, "geometry": { "type": "Point", "coordinates": [ -0.1833083, 51.5229834 ] } },
{ "type": "Feature", "properties": { "city": "London", "type": "station", "x": 51.5030015, "y": -0.1139812, "gid": 10909, "Name": "Waterloo" }, "geometry": { "type": "Point", "coordinates": [ -0.1139812, 51.5030015 ] } },
{ "type": "Feature", "properties": { "city": "London", "type": "station", "x": 51.5042171, "y": -0.1082027, "gid": 10923, "Name": "Waterloo East" }, "geometry": { "type": "Point", "coordinates": [ -0.1082027, 51.5042171 ] } },
{ "type": "Feature", "properties": { "city": "London", "type": "station", "x": 51.4869765, "y": -0.1951854, "gid": 10742, "Name": "West Brompton" }, "geometry": { "type": "Point", "coordinates": [ -0.1951854, 51.4869765 ] } },
{ "type": "Feature", "properties": { "city": "London", "type": "station", "x": 51.4405272, "y": -0.0911341, "gid": 10974, "Name": "West Dulwich" }, "geometry": { "type": "Point", "coordinates": [ -0.0911341, 51.4405272 ] } },
{ "type": "Feature", "properties": { "city": "London", "type": "station", "x": 51.5280966, "y": 0.0045685, "gid": 11184, "Name": "West Ham" }, "geometry": { "type": "Point", "coordinates": [ 0.0045685, 51.5280966 ] } },
{ "type": "Feature", "properties": { "city": "London", "type": "station", "x": 51.5473011, "y": -0.1920126, "gid": 10755, "Name": "West Hampstead" }, "geometry": { "type": "Point", "coordinates": [ -0.1920126, 51.5473011 ] } },
{ "type": "Feature", "properties": { "city": "London", "type": "station", "x": 51.5484242, "y": -0.192322, "gid": 10752, "Name": "West Hampstead Thameslink" }, "geometry": { "type": "Point", "coordinates": [ -0.192322, 51.5484242 ] } },
{ "type": "Feature", "properties": { "city": "London", "type": "station", "x": 51.5067417, "y": -0.0204833, "gid": 11140, "Name": "West India Quay" }, "geometry": { "type": "Point", "coordinates": [ -0.0204833, 51.5067417 ] } },
{ "type": "Feature", "properties": { "city": "London", "type": "station", "x": 51.4906622, "y": -0.205916, "gid": 10721, "Name": "West Kensington" }, "geometry": { "type": "Point", "coordinates": [ -0.205916, 51.4906622 ] } },
{ "type": "Feature", "properties": { "city": "London", "type": "station", "x": 51.4316172, "y": -0.1035239, "gid": 10939, "Name": "West Norwood" }, "geometry": { "type": "Point", "coordinates": [ -0.1035239, 51.4316172 ] } },
{ "type": "Feature", "properties": { "city": "London", "type": "station", "x": 51.5028811, "y": 0.0223323, "gid": 11133, "Name": "West Silvertown" }, "geometry": { "type": "Point", "coordinates": [ 0.0223323, 51.5028811 ] } },
{ "type": "Feature", "properties": { "city": "London", "type": "station", "x": 51.5209265, "y": -0.2014098, "gid": 10733, "Name": "Westbourne Park" }, "geometry": { "type": "Point", "coordinates": [ -0.2014098, 51.5209265 ] } },
{ "type": "Feature", "properties": { "city": "London", "type": "station", "x": 51.4842137, "y": 0.0188049, "gid": 11144, "Name": "Westcombe Park" }, "geometry": { "type": "Point", "coordinates": [ 0.0188049, 51.4842137 ] } },
{ "type": "Feature", "properties": { "city": "London", "type": "station", "x": 51.5094025, "y": -0.026644, "gid": 11117, "Name": "Westferry" }, "geometry": { "type": "Point", "coordinates": [ -0.026644, 51.5094025 ] } },
{ "type": "Feature", "properties": { "city": "London", "type": "station", "x": 51.5013562, "y": -0.1249302, "gid": 10885, "Name": "Westminster" }, "geometry": { "type": "Point", "coordinates": [ -0.1249302, 51.5013562 ] } },
{ "type": "Feature", "properties": { "city": "London", "type": "station", "x": 51.5119347, "y": -0.2242361, "gid": 10693, "Name": "White City" }, "geometry": { "type": "Point", "coordinates": [ -0.2242361, 51.5119347 ] } },
{ "type": "Feature", "properties": { "city": "London", "type": "station", "x": 51.5195786, "y": -0.0606907, "gid": 11043, "Name": "Whitechapel" }, "geometry": { "type": "Point", "coordinates": [ -0.0606907, 51.5195786 ] } },
{ "type": "Feature", "properties": { "city": "London", "type": "station", "x": 51.5493524, "y": -0.222223, "gid": 10696, "Name": "Willesden Green" }, "geometry": { "type": "Point", "coordinates": [ -0.222223, 51.5493524 ] } },
{ "type": "Feature", "properties": { "city": "London", "type": "station", "x": 51.5321956, "y": -0.2435041, "gid": 10673, "Name": "Willesden Junction" }, "geometry": { "type": "Point", "coordinates": [ -0.2435041, 51.5321956 ] } },
{ "type": "Feature", "properties": { "city": "London", "type": "station", "x": 51.4340563, "y": -0.1990432, "gid": 10735, "Name": "Wimbledon Park" }, "geometry": { "type": "Point", "coordinates": [ -0.1990432, 51.4340563 ] } },
{ "type": "Feature", "properties": { "city": "London", "type": "station", "x": 51.5099498, "y": -0.22389, "gid": 10694, "Name": "Wood Lane" }, "geometry": { "type": "Point", "coordinates": [ -0.22389, 51.5099498 ] } },
{ "type": "Feature", "properties": { "city": "New York", "type": "station", "x": 40.7991792, "y": -73.9685325, "gid": 1731, "Name": "103rd Street" }, "geometry": { "type": "Point", "coordinates": [ -73.9685325, 40.7991792 ] } },
{ "type": "Feature", "properties": { "city": "New York", "type": "station", "x": 40.7961299, "y": -73.9614554, "gid": 1749, "Name": "103rd Street" }, "geometry": { "type": "Point", "coordinates": [ -73.9614554, 40.7961299 ] } },
{ "type": "Feature", "properties": { "city": "New York", "type": "station", "x": 40.7902977, "y": -73.9476244, "gid": 1802, "Name": "103rd Street" }, "geometry": { "type": "Point", "coordinates": [ -73.9476244, 40.7902977 ] } },
{ "type": "Feature", "properties": { "city": "New York", "type": "station", "x": 40.7498871, "y": -73.8626767, "gid": 1999, "Name": "103rd Street–Corona Plaza" }, "geometry": { "type": "Point", "coordinates": [ -73.8626767, 40.7498871 ] } },
{ "type": "Feature", "properties": { "city": "New York", "type": "station", "x": 40.7947868, "y": -73.9443458, "gid": 1812, "Name": "110th Street" }, "geometry": { "type": "Point", "coordinates": [ -73.9443458, 40.7947868 ] } },
{ "type": "Feature", "properties": { "city": "New York", "type": "station", "x": 40.8044723, "y": -73.9553299, "gid": 1768, "Name": "116th Street" }, "geometry": { "type": "Point", "coordinates": [ -73.9553299, 40.8044723 ] } },
{ "type": "Feature", "properties": { "city": "New York", "type": "station", "x": 40.8020498, "y": -73.9497314, "gid": 1791, "Name": "116th Street" }, "geometry": { "type": "Point", "coordinates": [ -73.9497314, 40.8020498 ] } },
{ "type": "Feature", "properties": { "city": "New York", "type": "station", "x": 40.7985915, "y": -73.9415679, "gid": 1816, "Name": "116th Street" }, "geometry": { "type": "Point", "coordinates": [ -73.9415679, 40.7985915 ] } },
{ "type": "Feature", "properties": { "city": "New York", "type": "station", "x": 40.8080596, "y": -73.9639029, "gid": 1742, "Name": "116th Street–Columbia University" }, "geometry": { "type": "Point", "coordinates": [ -73.9639029, 40.8080596 ] } },
{ "type": "Feature", "properties": { "city": "New York", "type": "station", "x": 40.8157366, "y": -73.9582809, "gid": 1756, "Name": "125th Street" }, "geometry": { "type": "Point", "coordinates": [ -73.9582809, 40.8157366 ] } },
{ "type": "Feature", "properties": { "city": "New York", "type": "station", "x": 40.8108068, "y": -73.9525723, "gid": 1776, "Name": "125th Street" }, "geometry": { "type": "Point", "coordinates": [ -73.9525723, 40.8108068 ] } },
{ "type": "Feature", "properties": { "city": "New York", "type": "station", "x": 40.8077529, "y": -73.9455416, "gid": 1807, "Name": "125th Street" }, "geometry": { "type": "Point", "coordinates": [ -73.9455416, 40.8077529 ] } },
{ "type": "Feature", "properties": { "city": "New York", "type": "station", "x": 40.8043494, "y": -73.937411, "gid": 1831, "Name": "125th Street" }, "geometry": { "type": "Point", "coordinates": [ -73.937411, 40.8043494 ] } },
{ "type": "Feature", "properties": { "city": "New York", "type": "station", "x": 40.817202, "y": -73.9479825, "gid": 1800, "Name": "135th Street" }, "geometry": { "type": "Point", "coordinates": [ -73.9479825, 40.817202 ] } },
{ "type": "Feature", "properties": { "city": "New York", "type": "station", "x": 40.8141229, "y": -73.9408924, "gid": 1819, "Name": "135th Street" }, "geometry": { "type": "Point", "coordinates": [ -73.9408924, 40.8141229 ] } },
{ "type": "Feature", "properties": { "city": "New York", "type": "station", "x": 40.8239167, "y": -73.9523291, "gid": 1778, "Name": "137th Street Yard" }, "geometry": { "type": "Point", "coordinates": [ -73.9523291, 40.8239167 ] } },
{ "type": "Feature", "properties": { "city": "New York", "type": "station", "x": 40.8214204, "y": -73.9541465, "gid": 1771, "Name": "137th Street–City College" }, "geometry": { "type": "Point", "coordinates": [ -73.9541465, 40.8214204 ] } },
{ "type": "Feature", "properties": { "city": "New York", "type": "station", "x": 40.8131324, "y": -73.929968, "gid": 1849, "Name": "138th Street–Grand Concourse" }, "geometry": { "type": "Point", "coordinates": [ -73.929968, 40.8131324 ] } },
{ "type": "Feature", "properties": { "city": "New York", "type": "station", "x": 40.8264999, "y": -73.9504381, "gid": 1786, "Name": "145th Street" }, "geometry": { "type": "Point", "coordinates": [ -73.9504381, 40.8264999 ] } },
{ "type": "Feature", "properties": { "city": "New York", "type": "station", "x": 40.8242108, "y": -73.9446318, "gid": 1810, "Name": "145th Street" }, "geometry": { "type": "Point", "coordinates": [ -73.9446318, 40.8242108 ] } },
{ "type": "Feature", "properties": { "city": "New York", "type": "station", "x": 40.8204635, "y": -73.9362163, "gid": 1834, "Name": "145th Street" }, "geometry": { "type": "Point", "coordinates": [ -73.9362163, 40.8204635 ] } },
{ "type": "Feature", "properties": { "city": "New York", "type": "station", "x": 40.8183725, "y": -73.9274003, "gid": 1855, "Name": "149th Street–Grand Concourse" }, "geometry": { "type": "Point", "coordinates": [ -73.9274003, 40.8183725 ] } },
{ "type": "Feature", "properties": { "city": "New York", "type": "station", "x": 40.7404638, "y": -74.0019976, "gid": 1585, "Name": "14th Street" }, "geometry": { "type": "Point", "coordinates": [ -74.0019976, 40.7404638 ] } },
{ "type": "Feature", "properties": { "city": "New York", "type": "station", "x": 40.7379008, "y": -74.0001587, "gid": 1594, "Name": "14th Street" }, "geometry": { "type": "Point", "coordinates": [ -74.0001587, 40.7379008 ] } },
{ "type": "Feature", "properties": { "city": "New York", "type": "station", "x": 40.7370478, "y": -73.9970695, "gid": 1605, "Name": "14th Street" }, "geometry": { "type": "Point", "coordinates": [ -73.9970695, 40.7370478 ] } },
{ "type": "Feature", "properties": { "city": "New York", "type": "station", "x": 40.7347942, "y": -73.9899805, "gid": 1641, "Name": "14th Street–Union Square" }, "geometry": { "type": "Point", "coordinates": [ -73.9899805, 40.7347942 ] } },
{ "type": "Feature", "properties": { "city": "New York", "type": "station", "x": 40.8308908, "y": -73.9413674, "gid": 1817, "Name": "155th Street" }, "geometry": { "type": "Point", "coordinates": [ -73.9413674, 40.8308908 ] } },
{ "type": "Feature", "properties": { "city": "New York", "type": "station", "x": 40.8303452, "y": -73.9367102, "gid": 1833, "Name": "155th Street" }, "geometry": { "type": "Point", "coordinates": [ -73.9367102, 40.8303452 ] } },
{ "type": "Feature", "properties": { "city": "New York", "type": "station", "x": 40.8340678, "y": -73.944916, "gid": 1809, "Name": "157th Street" }, "geometry": { "type": "Point", "coordinates": [ -73.944916, 40.8340678 ] } },
{ "type": "Feature", "properties": { "city": "New York", "type": "station", "x": 40.8280359, "y": -73.9258017, "gid": 1859, "Name": "161st Street–Yankee Stadium" }, "geometry": { "type": "Point", "coordinates": [ -73.9258017, 40.8280359 ] } },
{ "type": "Feature", "properties": { "city": "New York", "type": "station", "x": 40.8369451, "y": -73.9401256, "gid": 1824, "Name": "163rd Street–Amsterdam Avenue" }, "geometry": { "type": "Point", "coordinates": [ -73.9401256, 40.8369451 ] } },
{ "type": "Feature", "properties": { "city": "New York", "type": "station", "x": 40.7410394, "y": -73.9978652, "gid": 1602, "Name": "18th Street" }, "geometry": { "type": "Point", "coordinates": [ -73.9978652, 40.7410394 ] } },
{ "type": "Feature", "properties": { "city": "New York", "type": "station", "x": 40.7308653, "y": -73.9814231, "gid": 1683, "Name": "1st Avenue" }, "geometry": { "type": "Point", "coordinates": [ -73.9814231, 40.7308653 ] } },
{ "type": "Feature", "properties": { "city": "New York", "type": "station", "x": 40.744065, "y": -73.949724, "gid": 1792, "Name": "21st Street" }, "geometry": { "type": "Point", "coordinates": [ -73.949724, 40.744065 ] } },
{ "type": "Feature", "properties": { "city": "New York", "type": "station", "x": 40.7542029, "y": -73.942836, "gid": 1814, "Name": "21st Street–Queensbridge" }, "geometry": { "type": "Point", "coordinates": [ -73.942836, 40.7542029 ] } },
{ "type": "Feature", "properties": { "city": "New York", "type": "station", "x": 40.7452945, "y": -73.9984813, "gid": 1599, "Name": "23rd Street" }, "geometry": { "type": "Point", "coordinates": [ -73.9984813, 40.7452945 ] } },
{ "type": "Feature", "properties": { "city": "New York", "type": "station", "x": 40.7440859, "y": -73.995641, "gid": 1612, "Name": "23rd Street" }, "geometry": { "type": "Point", "coordinates": [ -73.995641, 40.7440859 ] } },
{ "type": "Feature", "properties": { "city": "New York", "type": "station", "x": 40.7428534, "y": -73.992834, "gid": 1626, "Name": "23rd Street" }, "geometry": { "type": "Point", "coordinates": [ -73.992834, 40.7428534 ] } },
{ "type": "Feature", "properties": { "city": "New York", "type": "station", "x": 40.741303, "y": -73.989344, "gid": 1646, "Name": "23rd Street" }, "geometry": { "type": "Point", "coordinates": [ -73.989344, 40.741303 ] } },
{ "type": "Feature", "properties": { "city": "New York", "type": "station", "x": 40.7401787, "y": -73.9863823, "gid": 1661, "Name": "23rd Street" }, "geometry": { "type": "Point", "coordinates": [ -73.9863823, 40.7401787 ] } },
{ "type": "Feature", "properties": { "city": "New York", "type": "station", "x": 40.747217, "y": -73.9933621, "gid": 1623, "Name": "28th Street" }, "geometry": { "type": "Point", "coordinates": [ -73.9933621, 40.747217 ] } },
{ "type": "Feature", "properties": { "city": "New York", "type": "station", "x": 40.745494, "y": -73.988691, "gid": 1648, "Name": "28th Street" }, "geometry": { "type": "Point", "coordinates": [ -73.988691, 40.745494 ] } },
{ "type": "Feature", "properties": { "city": "New York", "type": "station", "x": 40.7433137, "y": -73.9840753, "gid": 1670, "Name": "28th Street" }, "geometry": { "type": "Point", "coordinates": [ -73.9840753, 40.7433137 ] } },
{ "type": "Feature", "properties": { "city": "New York", "type": "station", "x": 40.723402, "y": -73.989938, "gid": 1642, "Name": "2nd Avenue" }, "geometry": { "type": "Point", "coordinates": [ -73.989938, 40.723402 ] } },
{ "type": "Feature", "properties": { "city": "New York", "type": "station", "x": 40.7417831, "y": -74.0427599, "gid": 1528, "Name": "2nd Street" }, "geometry": { "type": "Point", "coordinates": [ -74.0427599, 40.7417831 ] } },
{ "type": "Feature", "properties": { "city": "New York", "type": "station", "x": 40.7666967, "y": -73.9215824, "gid": 1869, "Name": "30th Avenue" }, "geometry": { "type": "Point", "coordinates": [ -73.9215824, 40.7666967 ] } },
{ "type": "Feature", "properties": { "city": "New York", "type": "station", "x": 40.7485384, "y": -73.9887001, "gid": 1647, "Name": "33rd Street" }, "geometry": { "type": "Point", "coordinates": [ -73.9887001, 40.7485384 ] } },
{ "type": "Feature", "properties": { "city": "New York", "type": "station", "x": 40.7463947, "y": -73.9818293, "gid": 1679, "Name": "33rd Street" }, "geometry": { "type": "Point", "coordinates": [ -73.9818293, 40.7463947 ] } },
{ "type": "Feature", "properties": { "city": "New York", "type": "station", "x": 40.7446199, "y": -73.9312304, "gid": 1844, "Name": "33rd Street–Rawson Street" }, "geometry": { "type": "Point", "coordinates": [ -73.9312304, 40.7446199 ] } },
{ "type": "Feature", "properties": { "city": "New York", "type": "station", "x": 40.749567, "y": -73.98795, "gid": 1651, "Name": "34th Street–Herald Square" }, "geometry": { "type": "Point", "coordinates": [ -73.98795, 40.749567 ] } },
{ "type": "Feature", "properties": { "city": "New York", "type": "station", "x": 40.749719, "y": -73.987823, "gid": 1652, "Name": "34th Street–Herald Square" }, "geometry": { "type": "Point", "coordinates": [ -73.987823, 40.749719 ] } },
{ "type": "Feature", "properties": { "city": "New York", "type": "station", "x": 40.7561925, "y": -74.0016694, "gid": 1588, "Name": "34th Street–Hudson Yards" }, "geometry": { "type": "Point", "coordinates": [ -74.0016694, 40.7561925 ] } },
{ "type": "Feature", "properties": { "city": "New York", "type": "station", "x": 40.7521961, "y": -73.9934596, "gid": 1622, "Name": "34th Street–Penn Station" }, "geometry": { "type": "Point", "coordinates": [ -73.9934596, 40.7521961 ] } },
{ "type": "Feature", "properties": { "city": "New York", "type": "station", "x": 40.7510053, "y": -73.9906229, "gid": 1636, "Name": "34th Street–Penn Station" }, "geometry": { "type": "Point", "coordinates": [ -73.9906229, 40.7510053 ] } },
{ "type": "Feature", "properties": { "city": "New York", "type": "station", "x": 40.7565586, "y": -73.9298155, "gid": 1850, "Name": "36th Avenue" }, "geometry": { "type": "Point", "coordinates": [ -73.9298155, 40.7565586 ] } },
{ "type": "Feature", "properties": { "city": "New York", "type": "station", "x": 40.7520898, "y": -73.928282, "gid": 1853, "Name": "36th Street" }, "geometry": { "type": "Point", "coordinates": [ -73.928282, 40.7520898 ] } },
{ "type": "Feature", "properties": { "city": "New York", "type": "station", "x": 40.7526866, "y": -73.9329357, "gid": 1841, "Name": "39th Avenue" }, "geometry": { "type": "Point", "coordinates": [ -73.9329357, 40.7526866 ] } },
{ "type": "Feature", "properties": { "city": "New York", "type": "station", "x": 40.7331529, "y": -73.986821, "gid": 1657, "Name": "3rd Avenue" }, "geometry": { "type": "Point", "coordinates": [ -73.986821, 40.7331529 ] } },
{ "type": "Feature", "properties": { "city": "New York", "type": "station", "x": 40.8104414, "y": -73.9260537, "gid": 1858, "Name": "3rd Avenue–138th Street" }, "geometry": { "type": "Point", "coordinates": [ -73.9260537, 40.8104414 ] } },
{ "type": "Feature", "properties": { "city": "New York", "type": "station", "x": 40.8160747, "y": -73.917684, "gid": 1882, "Name": "3rd Avenue–149th Street" }, "geometry": { "type": "Point", "coordinates": [ -73.917684, 40.8160747 ] } },
{ "type": "Feature", "properties": { "city": "New York", "type": "station", "x": 40.7438431, "y": -73.9244296, "gid": 1863, "Name": "40th Street–Lowery Street" }, "geometry": { "type": "Point", "coordinates": [ -73.9244296, 40.7438431 ] } },
{ "type": "Feature", "properties": { "city": "New York", "type": "station", "x": 40.754222, "y": -73.9845689, "gid": 1668, "Name": "42nd Street–Bryant Park" }, "geometry": { "type": "Point", "coordinates": [ -73.9845689, 40.754222 ] } },
{ "type": "Feature", "properties": { "city": "New York", "type": "station", "x": 40.752215, "y": -73.977624, "gid": 1704, "Name": "42nd Street–Grand Central" }, "geometry": { "type": "Point", "coordinates": [ -73.977624, 40.752215 ] } },
{ "type": "Feature", "properties": { "city": "New York", "type": "station", "x": 40.757308, "y": -73.989735, "gid": 1645, "Name": "42nd Street–Port Authority Bus Terminal" }, "geometry": { "type": "Point", "coordinates": [ -73.989735, 40.757308 ] } },
{ "type": "Feature", "properties": { "city": "New York", "type": "station", "x": 40.755801, "y": -73.987121, "gid": 1653, "Name": "42nd Street–Times Square" }, "geometry": { "type": "Point", "coordinates": [ -73.987121, 40.755801 ] } },
{ "type": "Feature", "properties": { "city": "New York", "type": "station", "x": 40.7547445, "y": -73.9867299, "gid": 1660, "Name": "42nd Street–Times Square" }, "geometry": { "type": "Point", "coordinates": [ -73.9867299, 40.7547445 ] } },
{ "type": "Feature", "properties": { "city": "New York", "type": "station", "x": 40.7566484, "y": -73.9140858, "gid": 1889, "Name": "46th Street" }, "geometry": { "type": "Point", "coordinates": [ -73.9140858, 40.7566484 ] } },
{ "type": "Feature", "properties": { "city": "New York", "type": "station", "x": 40.7431184, "y": -73.9182509, "gid": 1878, "Name": "46th Street–Bliss Street" }, "geometry": { "type": "Point", "coordinates": [ -73.9182509, 40.7431184 ] } },
{ "type": "Feature", "properties": { "city": "New York", "type": "station", "x": 40.758663, "y": -73.981329, "gid": 1684, "Name": "47th–50th Streets–Rockefeller Center" }, "geometry": { "type": "Point", "coordinates": [ -73.981329, 40.758663 ] } },
{ "type": "Feature", "properties": { "city": "New York", "type": "station", "x": 40.759901, "y": -73.984139, "gid": 1669, "Name": "49th Street" }, "geometry": { "type": "Point", "coordinates": [ -73.984139, 40.759901 ] } },
{ "type": "Feature", "properties": { "city": "New York", "type": "station", "x": 40.670272, "y": -73.989779, "gid": 1644, "Name": "4th Avenue" }, "geometry": { "type": "Point", "coordinates": [ -73.989779, 40.670272 ] } },
{ "type": "Feature", "properties": { "city": "New York", "type": "station", "x": 40.7622948, "y": -73.9861028, "gid": 1663, "Name": "50th Street" }, "geometry": { "type": "Point", "coordinates": [ -73.9861028, 40.7622948 ] } },
{ "type": "Feature", "properties": { "city": "New York", "type": "station", "x": 40.7616618, "y": -73.9838968, "gid": 1671, "Name": "50th Street" }, "geometry": { "type": "Point", "coordinates": [ -73.9838968, 40.7616618 ] } },
{ "type": "Feature", "properties": { "city": "New York", "type": "station", "x": 40.7571102, "y": -73.9719555, "gid": 1725, "Name": "51st Street" }, "geometry": { "type": "Point", "coordinates": [ -73.9719555, 40.7571102 ] } },
{ "type": "Feature", "properties": { "city": "New York", "type": "station", "x": 40.7441763, "y": -73.9124986, "gid": 1894, "Name": "52nd Street–Lincoln Avenue" }, "geometry": { "type": "Point", "coordinates": [ -73.9124986, 40.7441763 ] } },
{ "type": "Feature", "properties": { "city": "New York", "type": "station", "x": 40.763972, "y": -73.97745, "gid": 1699, "Name": "57th Street" }, "geometry": { "type": "Point", "coordinates": [ -73.97745, 40.763972 ] } },
{ "type": "Feature", "properties": { "city": "New York", "type": "station", "x": 40.7646501, "y": -73.9806228, "gid": 1686, "Name": "57th Street–7th Avenue" }, "geometry": { "type": "Point", "coordinates": [ -73.9806228, 40.7646501 ] } },
{ "type": "Feature", "properties": { "city": "New York", "type": "station", "x": 40.7627065, "y": -73.9678801, "gid": 1732, "Name": "59th Street" }, "geometry": { "type": "Point", "coordinates": [ -73.9678801, 40.7627065 ] } },
{ "type": "Feature", "properties": { "city": "New York", "type": "station", "x": 40.7683944, "y": -73.9819139, "gid": 1676, "Name": "59th Street–Columbus Circle" }, "geometry": { "type": "Point", "coordinates": [ -73.9819139, 40.7683944 ] } },
{ "type": "Feature", "properties": { "city": "New York", "type": "station", "x": 40.753821, "y": -73.9819629, "gid": 1675, "Name": "5th Avenue" }, "geometry": { "type": "Point", "coordinates": [ -73.9819629, 40.753821 ] } },
{ "type": "Feature", "properties": { "city": "New York", "type": "station", "x": 40.7605598, "y": -73.9759537, "gid": 1709, "Name": "5th Avenue–53rd Street" }, "geometry": { "type": "Point", "coordinates": [ -73.9759537, 40.7605598 ] } },
{ "type": "Feature", "properties": { "city": "New York", "type": "station", "x": 40.7648269, "y": -73.9726747, "gid": 1721, "Name": "5th Avenue–59th Street" }, "geometry": { "type": "Point", "coordinates": [ -73.9726747, 40.7648269 ] } },
{ "type": "Feature", "properties": { "city": "New York", "type": "station", "x": 40.7456359, "y": -73.9030518, "gid": 1923, "Name": "61st Street–Woodside Avenue" }, "geometry": { "type": "Point", "coordinates": [ -73.9030518, 40.7456359 ] } },
{ "type": "Feature", "properties": { "city": "New York", "type": "station", "x": 40.7494358, "y": -73.8977926, "gid": 1939, "Name": "65th Street" }, "geometry": { "type": "Point", "coordinates": [ -73.8977926, 40.7494358 ] } },
{ "type": "Feature", "properties": { "city": "New York", "type": "station", "x": 40.7732766, "y": -73.9822029, "gid": 1674, "Name": "66th Street–Lincoln Center" }, "geometry": { "type": "Point", "coordinates": [ -73.9822029, 40.7732766 ] } },
{ "type": "Feature", "properties": { "city": "New York", "type": "station", "x": 40.7678782, "y": -73.9641187, "gid": 1741, "Name": "68th Street–Hunter College" }, "geometry": { "type": "Point", "coordinates": [ -73.9641187, 40.7678782 ] } },
{ "type": "Feature", "properties": { "city": "New York", "type": "station", "x": 40.7463474, "y": -73.896305, "gid": 1944, "Name": "69th Street" }, "geometry": { "type": "Point", "coordinates": [ -73.896305, 40.7463474 ] } },
{ "type": "Feature", "properties": { "city": "New York", "type": "station", "x": 40.7374588, "y": -73.997068, "gid": 1606, "Name": "6th Avenue" }, "geometry": { "type": "Point", "coordinates": [ -73.997068, 40.7374588 ] } },
{ "type": "Feature", "properties": { "city": "New York", "type": "station", "x": 40.7790162, "y": -73.9818557, "gid": 1677, "Name": "72nd Street" }, "geometry": { "type": "Point", "coordinates": [ -73.9818557, 40.7790162 ] } },
{ "type": "Feature", "properties": { "city": "New York", "type": "station", "x": 40.7762402, "y": -73.9760123, "gid": 1708, "Name": "72nd Street" }, "geometry": { "type": "Point", "coordinates": [ -73.9760123, 40.7762402 ] } },
{ "type": "Feature", "properties": { "city": "New York", "type": "station", "x": 40.768799, "y": -73.9584239, "gid": 1755, "Name": "72nd Street" }, "geometry": { "type": "Point", "coordinates": [ -73.9584239, 40.768799 ] } },
{ "type": "Feature", "properties": { "city": "New York", "type": "station", "x": 40.7468762, "y": -73.8912482, "gid": 1954, "Name": "74th Street–Broadway" }, "geometry": { "type": "Point", "coordinates": [ -73.8912482, 40.7468762 ] } },
{ "type": "Feature", "properties": { "city": "New York", "type": "station", "x": 40.7736399, "y": -73.9598468, "gid": 1752, "Name": "77th Street" }, "geometry": { "type": "Point", "coordinates": [ -73.9598468, 40.7736399 ] } },
{ "type": "Feature", "properties": { "city": "New York", "type": "station", "x": 40.7838618, "y": -73.9799918, "gid": 1689, "Name": "79th Street" }, "geometry": { "type": "Point", "coordinates": [ -73.9799918, 40.7838618 ] } },
{ "type": "Feature", "properties": { "city": "New York", "type": "station", "x": 40.762862, "y": -73.981637, "gid": 1682, "Name": "7th Avenue" }, "geometry": { "type": "Point", "coordinates": [ -73.981637, 40.762862 ] } },
{ "type": "Feature", "properties": { "city": "New York", "type": "station", "x": 40.666988, "y": -73.981512, "gid": 1688, "Name": "7th Avenue" }, "geometry": { "type": "Point", "coordinates": [ -73.981512, 40.666988 ] } },
{ "type": "Feature", "properties": { "city": "New York", "type": "station", "x": 40.67705, "y": -73.972367, "gid": 1722, "Name": "7th Avenue" }, "geometry": { "type": "Point", "coordinates": [ -73.972367, 40.67705 ] } },
{ "type": "Feature", "properties": { "city": "New York", "type": "station", "x": 40.7817835, "y": -73.9719225, "gid": 1726, "Name": "81st Street–Museum of Natural History" }, "geometry": { "type": "Point", "coordinates": [ -73.9719225, 40.7817835 ] } },
{ "type": "Feature", "properties": { "city": "New York", "type": "station", "x": 40.7476179, "y": -73.8841432, "gid": 1967, "Name": "82nd Street–Jackson Heights" }, "geometry": { "type": "Point", "coordinates": [ -73.8841432, 40.7476179 ] } },
{ "type": "Feature", "properties": { "city": "New York", "type": "station", "x": 40.7883389, "y": -73.9765049, "gid": 1705, "Name": "86th Street" }, "geometry": { "type": "Point", "coordinates": [ -73.9765049, 40.7883389 ] } },
{ "type": "Feature", "properties": { "city": "New York", "type": "station", "x": 40.785361, "y": -73.9693126, "gid": 1730, "Name": "86th Street" }, "geometry": { "type": "Point", "coordinates": [ -73.9693126, 40.785361 ] } },
{ "type": "Feature", "properties": { "city": "New York", "type": "station", "x": 40.7794939, "y": -73.9555295, "gid": 1767, "Name": "86th Street" }, "geometry": { "type": "Point", "coordinates": [ -73.9555295, 40.7794939 ] } },
{ "type": "Feature", "properties": { "city": "New York", "type": "station", "x": 40.7778909, "y": -73.951787, "gid": 1779, "Name": "86th Street" }, "geometry": { "type": "Point", "coordinates": [ -73.951787, 40.7778909 ] } },
{ "type": "Feature", "properties": { "city": "New York", "type": "station", "x": 40.7398753, "y": -74.0027381, "gid": 1584, "Name": "8th Avenue" }, "geometry": { "type": "Point", "coordinates": [ -74.0027381, 40.7398753 ] } },
{ "type": "Feature", "properties": { "city": "New York", "type": "station", "x": 40.730328, "y": -73.9926289, "gid": 1629, "Name": "8th Street–New York University" }, "geometry": { "type": "Point", "coordinates": [ -73.9926289, 40.730328 ] } },
{ "type": "Feature", "properties": { "city": "New York", "type": "station", "x": 40.7483933, "y": -73.8767862, "gid": 1978, "Name": "90th Street–Elmhurst Avenue" }, "geometry": { "type": "Point", "coordinates": [ -73.8767862, 40.7483933 ] } },
{ "type": "Feature", "properties": { "city": "New York", "type": "station", "x": 40.7943793, "y": -73.9719996, "gid": 1724, "Name": "96th Street" }, "geometry": { "type": "Point", "coordinates": [ -73.9719996, 40.7943793 ] } },
{ "type": "Feature", "properties": { "city": "New York", "type": "station", "x": 40.7917246, "y": -73.9646698, "gid": 1738, "Name": "96th Street" }, "geometry": { "type": "Point", "coordinates": [ -73.9646698, 40.7917246 ] } },
{ "type": "Feature", "properties": { "city": "New York", "type": "station", "x": 40.7858647, "y": -73.9508992, "gid": 1782, "Name": "96th Street" }, "geometry": { "type": "Point", "coordinates": [ -73.9508992, 40.7858647 ] } },
{ "type": "Feature", "properties": { "city": "New York", "type": "station", "x": 40.784318, "y": -73.947152, "gid": 1805, "Name": "96th Street" }, "geometry": { "type": "Point", "coordinates": [ -73.947152, 40.784318 ] } },
{ "type": "Feature", "properties": { "city": "New York", "type": "station", "x": 40.734137, "y": -73.998982, "gid": 1596, "Name": "9th Street" }, "geometry": { "type": "Point", "coordinates": [ -73.998982, 40.734137 ] } },
{ "type": "Feature", "properties": { "city": "New York", "type": "station", "x": 40.670847, "y": -73.988302, "gid": 1649, "Name": "9th Street" }, "geometry": { "type": "Point", "coordinates": [ -73.988302, 40.670847 ] } },
{ "type": "Feature", "properties": { "city": "New York", "type": "station", "x": 40.7487251, "y": -74.0386637, "gid": 1530, "Name": "9th Street–Congress Street" }, "geometry": { "type": "Point", "coordinates": [ -74.0386637, 40.7487251 ] } },
{ "type": "Feature", "properties": { "city": "New York", "type": "station", "x": 40.7298513, "y": -73.991398, "gid": 1633, "Name": "Astor Place" }, "geometry": { "type": "Point", "coordinates": [ -73.991398, 40.7298513 ] } },
{ "type": "Feature", "properties": { "city": "New York", "type": "station", "x": 40.7704417, "y": -73.9176868, "gid": 1881, "Name": "Astoria Boulevard" }, "geometry": { "type": "Point", "coordinates": [ -73.9176868, 40.7704417 ] } },
{ "type": "Feature", "properties": { "city": "New York", "type": "station", "x": 40.7749872, "y": -73.9121176, "gid": 1895, "Name": "Astoria–Ditmars Boulevard" }, "geometry": { "type": "Point", "coordinates": [ -73.9121176, 40.7749872 ] } },
{ "type": "Feature", "properties": { "city": "New York", "type": "station", "x": 40.6838111, "y": -73.9786613, "gid": 1695, "Name": "Atlantic Avenue–Barclays Center" }, "geometry": { "type": "Point", "coordinates": [ -73.9786613, 40.6838111 ] } },
{ "type": "Feature", "properties": { "city": "New York", "type": "station", "x": 40.6846601, "y": -73.9773109, "gid": 1700, "Name": "Atlantic Terminal" }, "geometry": { "type": "Point", "coordinates": [ -73.9773109, 40.6846601 ] } },
{ "type": "Feature", "properties": { "city": "New York", "type": "station", "x": 40.7174046, "y": -73.9570004, "gid": 1762, "Name": "Bedford Avenue" }, "geometry": { "type": "Point", "coordinates": [ -73.9570004, 40.7174046 ] } },
{ "type": "Feature", "properties": { "city": "New York", "type": "station", "x": 40.689627, "y": -73.953522, "gid": 1773, "Name": "Bedford–Nostrand Avenues" }, "geometry": { "type": "Point", "coordinates": [ -73.953522, 40.689627 ] } },
{ "type": "Feature", "properties": { "city": "New York", "type": "station", "x": 40.686145, "y": -73.990862, "gid": 1634, "Name": "Bergen Street" }, "geometry": { "type": "Point", "coordinates": [ -73.990862, 40.686145 ] } },
{ "type": "Feature", "properties": { "city": "New York", "type": "station", "x": 40.6808135, "y": -73.9750886, "gid": 1713, "Name": "Bergen Street" }, "geometry": { "type": "Point", "coordinates": [ -73.9750886, 40.6808135 ] } },
{ "type": "Feature", "properties": { "city": "New York", "type": "station", "x": 40.7821664, "y": -74.0220189, "gid": 1546, "Name": "Bergenline Avenue" }, "geometry": { "type": "Point", "coordinates": [ -74.0220189, 40.7821664 ] } },
{ "type": "Feature", "properties": { "city": "New York", "type": "station", "x": 40.7259471, "y": -73.9946797, "gid": 1616, "Name": "Bleecker Street" }, "geometry": { "type": "Point", "coordinates": [ -73.9946797, 40.7259471 ] } },
{ "type": "Feature", "properties": { "city": "New York", "type": "station", "x": 40.6924142, "y": -73.9900634, "gid": 1640, "Name": "Borough Hall" }, "geometry": { "type": "Point", "coordinates": [ -73.9900634, 40.6924142 ] } },
{ "type": "Feature", "properties": { "city": "New York", "type": "station", "x": 40.6706475, "y": -73.9591467, "gid": 1754, "Name": "Botanic Garden" }, "geometry": { "type": "Point", "coordinates": [ -73.9591467, 40.6706475 ] } },
{ "type": "Feature", "properties": { "city": "New York", "type": "station", "x": 40.7202174, "y": -73.99372, "gid": 1621, "Name": "Bowery" }, "geometry": { "type": "Point", "coordinates": [ -73.99372, 40.7202174 ] } },
{ "type": "Feature", "properties": { "city": "New York", "type": "station", "x": 40.7045091, "y": -74.0140946, "gid": 1548, "Name": "Bowling Green" }, "geometry": { "type": "Point", "coordinates": [ -74.0140946, 40.7045091 ] } },
{ "type": "Feature", "properties": { "city": "New York", "type": "station", "x": 40.7064906, "y": -74.0110604, "gid": 1559, "Name": "Broad Street" }, "geometry": { "type": "Point", "coordinates": [ -74.0110604, 40.7064906 ] } },
{ "type": "Feature", "properties": { "city": "New York", "type": "station", "x": 40.706092, "y": -73.950308, "gid": 1787, "Name": "Broadway" }, "geometry": { "type": "Point", "coordinates": [ -73.950308, 40.706092 ] } },
{ "type": "Feature", "properties": { "city": "New York", "type": "station", "x": 40.7617758, "y": -73.9255789, "gid": 1861, "Name": "Broadway" }, "geometry": { "type": "Point", "coordinates": [ -73.9255789, 40.7617758 ] } },
{ "type": "Feature", "properties": { "city": "New York", "type": "station", "x": 40.725297, "y": -73.996204, "gid": 1610, "Name": "Broadway–Lafayette Street" }, "geometry": { "type": "Point", "coordinates": [ -73.996204, 40.725297 ] } },
{ "type": "Feature", "properties": { "city": "New York", "type": "station", "x": 40.807555, "y": -73.9192429, "gid": 1874, "Name": "Brook Avenue" }, "geometry": { "type": "Point", "coordinates": [ -73.9192429, 40.807555 ] } },
{ "type": "Feature", "properties": { "city": "New York", "type": "station", "x": 40.7118748, "y": -74.0068419, "gid": 1573, "Name": "Brooklyn Bridge Yard" }, "geometry": { "type": "Point", "coordinates": [ -74.0068419, 40.7118748 ] } },
{ "type": "Feature", "properties": { "city": "New York", "type": "station", "x": 40.71235, "y": -74.0050702, "gid": 1579, "Name": "Brooklyn Bridge–City Hall" }, "geometry": { "type": "Point", "coordinates": [ -74.0050702, 40.71235 ] } },
{ "type": "Feature", "properties": { "city": "New York", "type": "station", "x": 40.6827996, "y": -73.9052062, "gid": 1911, "Name": "Bushwick Avenue–Aberdeen Street" }, "geometry": { "type": "Point", "coordinates": [ -73.9052062, 40.6827996 ] } },
{ "type": "Feature", "properties": { "city": "New York", "type": "station", "x": 40.7225571, "y": -74.0062894, "gid": 1575, "Name": "Canal Street" }, "geometry": { "type": "Point", "coordinates": [ -74.0062894, 40.7225571 ] } },
{ "type": "Feature", "properties": { "city": "New York", "type": "station", "x": 40.719527, "y": -74.001775, "gid": 1586, "Name": "Canal Street" }, "geometry": { "type": "Point", "coordinates": [ -74.001775, 40.719527 ] } },
{ "type": "Feature", "properties": { "city": "New York", "type": "station", "x": 40.7186195, "y": -74.0007681, "gid": 1590, "Name": "Canal Street" }, "geometry": { "type": "Point", "coordinates": [ -74.0007681, 40.7186195 ] } },
{ "type": "Feature", "properties": { "city": "New York", "type": "station", "x": 40.718092, "y": -73.999892, "gid": 1595, "Name": "Canal Street" }, "geometry": { "type": "Point", "coordinates": [ -73.999892, 40.718092 ] } },
{ "type": "Feature", "properties": { "city": "New York", "type": "station", "x": 40.680303, "y": -73.995048, "gid": 1614, "Name": "Carroll Street" }, "geometry": { "type": "Point", "coordinates": [ -73.995048, 40.680303 ] } },
{ "type": "Feature", "properties": { "city": "New York", "type": "station", "x": 40.8042494, "y": -73.9665992, "gid": 1735, "Name": "Cathedral Parkway–110th Street" }, "geometry": { "type": "Point", "coordinates": [ -73.9665992, 40.8042494 ] } },
{ "type": "Feature", "properties": { "city": "New York", "type": "station", "x": 40.8005967, "y": -73.9581718, "gid": 1757, "Name": "Cathedral Parkway–110th Street" }, "geometry": { "type": "Point", "coordinates": [ -73.9581718, 40.8005967 ] } },
{ "type": "Feature", "properties": { "city": "New York", "type": "station", "x": 40.6979465, "y": -73.9266436, "gid": 1857, "Name": "Central Avenue" }, "geometry": { "type": "Point", "coordinates": [ -73.9266436, 40.6979465 ] } },
{ "type": "Feature", "properties": { "city": "New York", "type": "station", "x": 40.7985081, "y": -73.9524896, "gid": 1777, "Name": "Central Park North–110th Street" }, "geometry": { "type": "Point", "coordinates": [ -73.9524896, 40.7985081 ] } },
{ "type": "Feature", "properties": { "city": "New York", "type": "station", "x": 40.7155081, "y": -74.0092451, "gid": 1564, "Name": "Chambers Street" }, "geometry": { "type": "Point", "coordinates": [ -74.0092451, 40.7155081 ] } },
{ "type": "Feature", "properties": { "city": "New York", "type": "station", "x": 40.714375, "y": -74.008413, "gid": 1567, "Name": "Chambers Street" }, "geometry": { "type": "Point", "coordinates": [ -74.008413, 40.714375 ] } },
{ "type": "Feature", "properties": { "city": "New York", "type": "station", "x": 40.7129921, "y": -74.0038204, "gid": 1581, "Name": "Chambers Street" }, "geometry": { "type": "Point", "coordinates": [ -74.0038204, 40.7129921 ] } },
{ "type": "Feature", "properties": { "city": "New York", "type": "station", "x": 40.6829301, "y": -73.9105344, "gid": 1900, "Name": "Chauncey Street" }, "geometry": { "type": "Point", "coordinates": [ -73.9105344, 40.6829301 ] } },
{ "type": "Feature", "properties": { "city": "New York", "type": "station", "x": 40.7329877, "y": -74.0069062, "gid": 1572, "Name": "Christopher Street" }, "geometry": { "type": "Point", "coordinates": [ -74.0069062, 40.7329877 ] } },
{ "type": "Feature", "properties": { "city": "New York", "type": "station", "x": 40.7336088, "y": -74.0028294, "gid": 1583, "Name": "Christopher Street–Sheridan Square" }, "geometry": { "type": "Point", "coordinates": [ -74.0028294, 40.7336088 ] } },
{ "type": "Feature", "properties": { "city": "New York", "type": "station", "x": 40.713282, "y": -74.006978, "gid": 1570, "Name": "City Hall" }, "geometry": { "type": "Point", "coordinates": [ -74.006978, 40.713282 ] } },
{ "type": "Feature", "properties": { "city": "New York", "type": "station", "x": 40.6974653, "y": -73.9930222, "gid": 1624, "Name": "Clark Street" }, "geometry": { "type": "Point", "coordinates": [ -73.9930222, 40.6974653 ] } },
{ "type": "Feature", "properties": { "city": "New York", "type": "station", "x": 40.688873, "y": -73.96007, "gid": 1751, "Name": "Classon Avenue" }, "geometry": { "type": "Point", "coordinates": [ -73.96007, 40.688873 ] } },
{ "type": "Feature", "properties": { "city": "New York", "type": "station", "x": 40.688089, "y": -73.9668389, "gid": 1734, "Name": "Clinton–Washington Avenues" }, "geometry": { "type": "Point", "coordinates": [ -73.9668389, 40.688089 ] } },
{ "type": "Feature", "properties": { "city": "New York", "type": "station", "x": 40.6832766, "y": -73.9658547, "gid": 1737, "Name": "Clinton–Washington Avenues" }, "geometry": { "type": "Point", "coordinates": [ -73.9658547, 40.6832766 ] } },
{ "type": "Feature", "properties": { "city": "New York", "type": "station", "x": 40.710668, "y": -74.0110289, "gid": 1560, "Name": "Cortlandt Street" }, "geometry": { "type": "Point", "coordinates": [ -74.0110289, 40.710668 ] } },
{ "type": "Feature", "properties": { "city": "New York", "type": "station", "x": 40.7464555, "y": -73.9454525, "gid": 1808, "Name": "Court Square" }, "geometry": { "type": "Point", "coordinates": [ -73.9454525, 40.7464555 ] } },
{ "type": "Feature", "properties": { "city": "New York", "type": "station", "x": 40.746554, "y": -73.943832, "gid": 1813, "Name": "Court Square" }, "geometry": { "type": "Point", "coordinates": [ -73.943832, 40.746554 ] } },
{ "type": "Feature", "properties": { "city": "New York", "type": "station", "x": 40.7478095, "y": -73.9457377, "gid": 1806, "Name": "Court Square–23rd Street" }, "geometry": { "type": "Point", "coordinates": [ -73.9457377, 40.7478095 ] } },
{ "type": "Feature", "properties": { "city": "New York", "type": "station", "x": 40.6941, "y": -73.991777, "gid": 1631, "Name": "Court Street" }, "geometry": { "type": "Point", "coordinates": [ -73.991777, 40.6941 ] } },
{ "type": "Feature", "properties": { "city": "New York", "type": "station", "x": 40.8051423, "y": -73.9135096, "gid": 1892, "Name": "Cypress Avenue" }, "geometry": { "type": "Point", "coordinates": [ -73.9135096, 40.8051423 ] } },
{ "type": "Feature", "properties": { "city": "New York", "type": "station", "x": 40.690635, "y": -73.981824, "gid": 1680, "Name": "DeKalb Avenue" }, "geometry": { "type": "Point", "coordinates": [ -73.981824, 40.690635 ] } },
{ "type": "Feature", "properties": { "city": "New York", "type": "station", "x": 40.7038749, "y": -73.9185021, "gid": 1877, "Name": "DeKalb Avenue" }, "geometry": { "type": "Point", "coordinates": [ -73.9185021, 40.7038749 ] } },
{ "type": "Feature", "properties": { "city": "New York", "type": "station", "x": 40.718428, "y": -73.9881811, "gid": 1650, "Name": "Delancey Street" }, "geometry": { "type": "Point", "coordinates": [ -73.9881811, 40.718428 ] } },
{ "type": "Feature", "properties": { "city": "New York", "type": "station", "x": 40.8082006, "y": -73.907817, "gid": 1904, "Name": "East 143rd Street–Saint Mary's Street" }, "geometry": { "type": "Point", "coordinates": [ -73.907817, 40.8082006 ] } },
{ "type": "Feature", "properties": { "city": "New York", "type": "station", "x": 40.8120839, "y": -73.9041639, "gid": 1914, "Name": "East 149th Street" }, "geometry": { "type": "Point", "coordinates": [ -73.9041639, 40.8120839 ] } },
{ "type": "Feature", "properties": { "city": "New York", "type": "station", "x": 40.713715, "y": -73.990173, "gid": 1639, "Name": "East Broadway" }, "geometry": { "type": "Point", "coordinates": [ -73.990173, 40.713715 ] } },
{ "type": "Feature", "properties": { "city": "New York", "type": "station", "x": 40.753561, "y": -73.9750873, "gid": 1714, "Name": "East Yard" }, "geometry": { "type": "Point", "coordinates": [ -73.9750873, 40.753561 ] } },
{ "type": "Feature", "properties": { "city": "New York", "type": "station", "x": 40.6719337, "y": -73.9642451, "gid": 1740, "Name": "Eastern Parkway–Brooklyn Museum" }, "geometry": { "type": "Point", "coordinates": [ -73.9642451, 40.6719337 ] } },
{ "type": "Feature", "properties": { "city": "New York", "type": "station", "x": 40.7420609, "y": -73.8812565, "gid": 1970, "Name": "Elmhurst Avenue" }, "geometry": { "type": "Point", "coordinates": [ -73.8812565, 40.7420609 ] } },
{ "type": "Feature", "properties": { "city": "New York", "type": "station", "x": 40.7128648, "y": -74.0359523, "gid": 1533, "Name": "Essex Street" }, "geometry": { "type": "Point", "coordinates": [ -74.0359523, 40.7128648 ] } },
{ "type": "Feature", "properties": { "city": "New York", "type": "station", "x": 40.7183982, "y": -73.9874236, "gid": 1654, "Name": "Essex Street" }, "geometry": { "type": "Point", "coordinates": [ -73.9874236, 40.7183982 ] } },
{ "type": "Feature", "properties": { "city": "New York", "type": "station", "x": 40.7160215, "y": -74.0341139, "gid": 1535, "Name": "Exchange Place" }, "geometry": { "type": "Point", "coordinates": [ -74.0341139, 40.7160215 ] } },
{ "type": "Feature", "properties": { "city": "New York", "type": "station", "x": 40.700377, "y": -73.950234, "gid": 1788, "Name": "Flushing Avenue" }, "geometry": { "type": "Point", "coordinates": [ -73.950234, 40.700377 ] } },
{ "type": "Feature", "properties": { "city": "New York", "type": "station", "x": 40.7002809, "y": -73.9411682, "gid": 1818, "Name": "Flushing Avenue" }, "geometry": { "type": "Point", "coordinates": [ -73.9411682, 40.7002809 ] } },
{ "type": "Feature", "properties": { "city": "New York", "type": "station", "x": 40.7043972, "y": -73.903074, "gid": 1922, "Name": "Forest Avenue" }, "geometry": { "type": "Point", "coordinates": [ -73.903074, 40.7043972 ] } },
{ "type": "Feature", "properties": { "city": "New York", "type": "station", "x": 40.6706813, "y": -73.9579734, "gid": 1758, "Name": "Franklin Avenue" }, "geometry": { "type": "Point", "coordinates": [ -73.9579734, 40.6706813 ] } },
{ "type": "Feature", "properties": { "city": "New York", "type": "station", "x": 40.6805541, "y": -73.9558057, "gid": 1765, "Name": "Franklin Avenue" }, "geometry": { "type": "Point", "coordinates": [ -73.9558057, 40.6805541 ] } },
{ "type": "Feature", "properties": { "city": "New York", "type": "station", "x": 40.6811213, "y": -73.9556934, "gid": 1766, "Name": "Franklin Avenue" }, "geometry": { "type": "Point", "coordinates": [ -73.9556934, 40.6811213 ] } },
{ "type": "Feature", "properties": { "city": "New York", "type": "station", "x": 40.7191096, "y": -74.0069428, "gid": 1571, "Name": "Franklin Street" }, "geometry": { "type": "Point", "coordinates": [ -74.0069428, 40.7191096 ] } },
{ "type": "Feature", "properties": { "city": "New York", "type": "station", "x": 40.7062234, "y": -73.8959256, "gid": 1946, "Name": "Fresh Pond Road" }, "geometry": { "type": "Point", "coordinates": [ -73.8959256, 40.7062234 ] } },
{ "type": "Feature", "properties": { "city": "New York", "type": "station", "x": 40.7072041, "y": -73.8933943, "gid": 1949, "Name": "Fresh Pond Road Yard" }, "geometry": { "type": "Point", "coordinates": [ -73.8933943, 40.7072041 ] } },
{ "type": "Feature", "properties": { "city": "New York", "type": "station", "x": 40.7103638, "y": -74.0095697, "gid": 1563, "Name": "Fulton Street" }, "geometry": { "type": "Point", "coordinates": [ -74.0095697, 40.7103638 ] } },
{ "type": "Feature", "properties": { "city": "New York", "type": "station", "x": 40.7101857, "y": -74.0076638, "gid": 1568, "Name": "Fulton Street" }, "geometry": { "type": "Point", "coordinates": [ -74.0076638, 40.7101857 ] } },
{ "type": "Feature", "properties": { "city": "New York", "type": "station", "x": 40.70953, "y": -74.008436, "gid": 1569, "Name": "Fulton Street" }, "geometry": { "type": "Point", "coordinates": [ -74.008436, 40.70953 ] } },
{ "type": "Feature", "properties": { "city": "New York", "type": "station", "x": 40.709426, "y": -74.0065858, "gid": 1574, "Name": "Fulton Street" }, "geometry": { "type": "Point", "coordinates": [ -74.0065858, 40.709426 ] } },
{ "type": "Feature", "properties": { "city": "New York", "type": "station", "x": 40.687119, "y": -73.975375, "gid": 1711, "Name": "Fulton Street" }, "geometry": { "type": "Point", "coordinates": [ -73.975375, 40.687119 ] } },
{ "type": "Feature", "properties": { "city": "New York", "type": "station", "x": 40.7105791, "y": -74.0711323, "gid": 1519, "Name": "Garfield Avenue" }, "geometry": { "type": "Point", "coordinates": [ -74.0711323, 40.7105791 ] } },
{ "type": "Feature", "properties": { "city": "New York", "type": "station", "x": 40.6895761, "y": -73.9222019, "gid": 1866, "Name": "Gates Avenue" }, "geometry": { "type": "Point", "coordinates": [ -73.9222019, 40.6895761 ] } },
{ "type": "Feature", "properties": { "city": "New York", "type": "station", "x": 40.7145231, "y": -73.9443875, "gid": 1811, "Name": "Graham Avenue" }, "geometry": { "type": "Point", "coordinates": [ -73.9443875, 40.7145231 ] } },
{ "type": "Feature", "properties": { "city": "New York", "type": "station", "x": 40.6749223, "y": -73.9708155, "gid": 1727, "Name": "Grand Army Plaza" }, "geometry": { "type": "Point", "coordinates": [ -73.9708155, 40.6749223 ] } },
{ "type": "Feature", "properties": { "city": "New York", "type": "station", "x": 40.7372246, "y": -73.8772168, "gid": 1977, "Name": "Grand Avenue–Newtown" }, "geometry": { "type": "Point", "coordinates": [ -73.8772168, 40.7372246 ] } },
{ "type": "Feature", "properties": { "city": "New York", "type": "station", "x": 40.752769, "y": -73.979189, "gid": 1692, "Name": "Grand Central" }, "geometry": { "type": "Point", "coordinates": [ -73.979189, 40.752769 ] } },
{ "type": "Feature", "properties": { "city": "New York", "type": "station", "x": 40.7528064, "y": -73.9771792, "gid": 1701, "Name": "Grand Central Terminal" }, "geometry": { "type": "Point", "coordinates": [ -73.9771792, 40.7528064 ] } },
{ "type": "Feature", "properties": { "city": "New York", "type": "station", "x": 40.7181616, "y": -73.9937839, "gid": 1619, "Name": "Grand Street" }, "geometry": { "type": "Point", "coordinates": [ -73.9937839, 40.7181616 ] } },
{ "type": "Feature", "properties": { "city": "New York", "type": "station", "x": 40.7119711, "y": -73.9406949, "gid": 1821, "Name": "Grand Street" }, "geometry": { "type": "Point", "coordinates": [ -73.9406949, 40.7119711 ] } },
{ "type": "Feature", "properties": { "city": "New York", "type": "station", "x": 40.731352, "y": -73.954449, "gid": 1770, "Name": "Greenpoint Avenue" }, "geometry": { "type": "Point", "coordinates": [ -73.954449, 40.731352 ] } },
{ "type": "Feature", "properties": { "city": "New York", "type": "station", "x": 40.7192583, "y": -74.0421003, "gid": 1529, "Name": "Grove Street" }, "geometry": { "type": "Point", "coordinates": [ -74.0421003, 40.7192583 ] } },
{ "type": "Feature", "properties": { "city": "New York", "type": "station", "x": 40.6863449, "y": -73.9165406, "gid": 1883, "Name": "Halsey Street" }, "geometry": { "type": "Point", "coordinates": [ -73.9165406, 40.6863449 ] } },
{ "type": "Feature", "properties": { "city": "New York", "type": "station", "x": 40.6955868, "y": -73.9040399, "gid": 1916, "Name": "Halsey Street" }, "geometry": { "type": "Point", "coordinates": [ -73.9040399, 40.6955868 ] } },
{ "type": "Feature", "properties": { "city": "New York", "type": "station", "x": 40.7194979, "y": -74.0339995, "gid": 1536, "Name": "Harborside Financial Center" }, "geometry": { "type": "Point", "coordinates": [ -74.0339995, 40.7194979 ] } },
{ "type": "Feature", "properties": { "city": "New York", "type": "station", "x": 40.8052372, "y": -73.938911, "gid": 1828, "Name": "Harlem–125th Street" }, "geometry": { "type": "Point", "coordinates": [ -73.938911, 40.8052372 ] } },
{ "type": "Feature", "properties": { "city": "New York", "type": "station", "x": 40.823712, "y": -73.9361014, "gid": 1835, "Name": "Harlem–148th Street" }, "geometry": { "type": "Point", "coordinates": [ -73.9361014, 40.823712 ] } },
{ "type": "Feature", "properties": { "city": "New York", "type": "station", "x": 40.722516, "y": -74.0371987, "gid": 1531, "Name": "Harsimus Cove" }, "geometry": { "type": "Point", "coordinates": [ -74.0371987, 40.722516 ] } },
{ "type": "Feature", "properties": { "city": "New York", "type": "station", "x": 40.7068552, "y": -73.9533503, "gid": 1774, "Name": "Hewes Street" }, "geometry": { "type": "Point", "coordinates": [ -73.9533503, 40.7068552 ] } },
{ "type": "Feature", "properties": { "city": "New York", "type": "station", "x": 40.6992975, "y": -73.9914349, "gid": 1632, "Name": "High Street" }, "geometry": { "type": "Point", "coordinates": [ -73.9914349, 40.6992975 ] } },
{ "type": "Feature", "properties": { "city": "New York", "type": "station", "x": 40.8355038, "y": -73.9320521, "gid": 1843, "Name": "Highbridge Yard" }, "geometry": { "type": "Point", "coordinates": [ -73.9320521, 40.8355038 ] } },
{ "type": "Feature", "properties": { "city": "New York", "type": "station", "x": 40.7354944, "y": -74.0286157, "gid": 1540, "Name": "Hoboken" }, "geometry": { "type": "Point", "coordinates": [ -74.0286157, 40.7354944 ] } },
{ "type": "Feature", "properties": { "city": "New York", "type": "station", "x": 40.7349447, "y": -74.0273829, "gid": 1542, "Name": "Hoboken Terminal" }, "geometry": { "type": "Point", "coordinates": [ -74.0273829, 40.7349447 ] } },
{ "type": "Feature", "properties": { "city": "New York", "type": "station", "x": 40.7285993, "y": -74.0053077, "gid": 1577, "Name": "Houston Street" }, "geometry": { "type": "Point", "coordinates": [ -74.0053077, 40.7285993 ] } },
{ "type": "Feature", "properties": { "city": "New York", "type": "station", "x": 40.6905128, "y": -73.9849862, "gid": 1667, "Name": "Hoyt Street" }, "geometry": { "type": "Point", "coordinates": [ -73.9849862, 40.6905128 ] } },
{ "type": "Feature", "properties": { "city": "New York", "type": "station", "x": 40.688484, "y": -73.985001, "gid": 1666, "Name": "Hoyt–Schermerhorn Streets" }, "geometry": { "type": "Point", "coordinates": [ -73.985001, 40.688484 ] } },
{ "type": "Feature", "properties": { "city": "New York", "type": "station", "x": 40.7424124, "y": -73.9481683, "gid": 1799, "Name": "Hunters Point Avenue" }, "geometry": { "type": "Point", "coordinates": [ -73.9481683, 40.7424124 ] } },
{ "type": "Feature", "properties": { "city": "New York", "type": "station", "x": 40.7420527, "y": -73.9475584, "gid": 1803, "Name": "Hunterspoint Avenue" }, "geometry": { "type": "Point", "coordinates": [ -73.9475584, 40.7420527 ] } },
{ "type": "Feature", "properties": { "city": "New York", "type": "station", "x": 40.816519, "y": -73.90778, "gid": 1905, "Name": "Jackson Avenue" }, "geometry": { "type": "Point", "coordinates": [ -73.90778, 40.816519 ] } },
{ "type": "Feature", "properties": { "city": "New York", "type": "station", "x": 40.746644, "y": -73.891338, "gid": 1953, "Name": "Jackson Heights–Roosevelt Avenue" }, "geometry": { "type": "Point", "coordinates": [ -73.891338, 40.746644 ] } },
{ "type": "Feature", "properties": { "city": "New York", "type": "station", "x": 40.692338, "y": -73.987342, "gid": 1655, "Name": "Jay Street–MetroTech" }, "geometry": { "type": "Point", "coordinates": [ -73.987342, 40.692338 ] } },
{ "type": "Feature", "properties": { "city": "New York", "type": "station", "x": 40.7066877, "y": -73.9230698, "gid": 1864, "Name": "Jefferson Street" }, "geometry": { "type": "Point", "coordinates": [ -73.9230698, 40.7066877 ] } },
{ "type": "Feature", "properties": { "city": "New York", "type": "station", "x": 40.7150464, "y": -74.0484689, "gid": 1526, "Name": "Jersey Avenue" }, "geometry": { "type": "Point", "coordinates": [ -74.0484689, 40.7150464 ] } },
{ "type": "Feature", "properties": { "city": "New York", "type": "station", "x": 40.7318097, "y": -74.0628655, "gid": 1522, "Name": "Journal Square Transportation Center" }, "geometry": { "type": "Point", "coordinates": [ -74.0628655, 40.7318097 ] } },
{ "type": "Feature", "properties": { "city": "New York", "type": "station", "x": 40.7328757, "y": -74.0638205, "gid": 1521, "Name": "Journal Square Yard" }, "geometry": { "type": "Point", "coordinates": [ -74.0638205, 40.7328757 ] } },
{ "type": "Feature", "properties": { "city": "New York", "type": "station", "x": 40.7491675, "y": -73.8694786, "gid": 1988, "Name": "Junction Boulevard" }, "geometry": { "type": "Point", "coordinates": [ -73.8694786, 40.7491675 ] } },
{ "type": "Feature", "properties": { "city": "New York", "type": "station", "x": 40.6694074, "y": -73.9421829, "gid": 1815, "Name": "Kingston Avenue" }, "geometry": { "type": "Point", "coordinates": [ -73.9421829, 40.6694074 ] } },
{ "type": "Feature", "properties": { "city": "New York", "type": "station", "x": 40.6798863, "y": -73.9407616, "gid": 1820, "Name": "Kingston–Throop Avenues" }, "geometry": { "type": "Point", "coordinates": [ -73.9407616, 40.6798863 ] } },
{ "type": "Feature", "properties": { "city": "New York", "type": "station", "x": 40.6987479, "y": -73.9189811, "gid": 1875, "Name": "Knickerbocker Avenue" }, "geometry": { "type": "Point", "coordinates": [ -73.9189811, 40.6987479 ] } },
{ "type": "Feature", "properties": { "city": "New York", "type": "station", "x": 40.6934095, "y": -73.9289536, "gid": 1852, "Name": "Kosciuszko Street" }, "geometry": { "type": "Point", "coordinates": [ -73.9289536, 40.6934095 ] } },
{ "type": "Feature", "properties": { "city": "New York", "type": "station", "x": 40.6863074, "y": -73.9744304, "gid": 1715, "Name": "Lafayette Avenue" }, "geometry": { "type": "Point", "coordinates": [ -73.9744304, 40.6863074 ] } },
{ "type": "Feature", "properties": { "city": "New York", "type": "station", "x": 40.8240028, "y": -73.9357158, "gid": 1836, "Name": "Lenox Avenue Yard" }, "geometry": { "type": "Point", "coordinates": [ -73.9357158, 40.8240028 ] } },
{ "type": "Feature", "properties": { "city": "New York", "type": "station", "x": 40.756113, "y": -73.9733653, "gid": 1718, "Name": "Lex Yard" }, "geometry": { "type": "Point", "coordinates": [ -73.9733653, 40.756113 ] } },
{ "type": "Feature", "properties": { "city": "New York", "type": "station", "x": 40.7582149, "y": -73.9706019, "gid": 1728, "Name": "Lexington Avenue–53rd Street" }, "geometry": { "type": "Point", "coordinates": [ -73.9706019, 40.7582149 ] } },
{ "type": "Feature", "properties": { "city": "New York", "type": "station", "x": 40.7627515, "y": -73.9674728, "gid": 1733, "Name": "Lexington Avenue–59th Street" }, "geometry": { "type": "Point", "coordinates": [ -73.9674728, 40.7627515 ] } },
{ "type": "Feature", "properties": { "city": "New York", "type": "station", "x": 40.764629, "y": -73.966113, "gid": 1736, "Name": "Lexington Avenue–63rd Street" }, "geometry": { "type": "Point", "coordinates": [ -73.966113, 40.764629 ] } },
{ "type": "Feature", "properties": { "city": "New York", "type": "station", "x": 40.7103247, "y": -74.0559652, "gid": 1524, "Name": "Liberty State Park" }, "geometry": { "type": "Point", "coordinates": [ -74.0559652, 40.7103247 ] } },
{ "type": "Feature", "properties": { "city": "New York", "type": "station", "x": 40.7616462, "y": -74.0238483, "gid": 1544, "Name": "Lincoln Harbor" }, "geometry": { "type": "Point", "coordinates": [ -74.0238483, 40.7616462 ] } },
{ "type": "Feature", "properties": { "city": "New York", "type": "station", "x": 40.7415095, "y": -73.9569751, "gid": 1763, "Name": "Long Island City" }, "geometry": { "type": "Point", "coordinates": [ -73.9569751, 40.7415095 ] } },
{ "type": "Feature", "properties": { "city": "New York", "type": "station", "x": 40.8162916, "y": -73.8962205, "gid": 1945, "Name": "Longwood Avenue" }, "geometry": { "type": "Point", "coordinates": [ -73.8962205, 40.8162916 ] } },
{ "type": "Feature", "properties": { "city": "New York", "type": "station", "x": 40.7140621, "y": -73.9502126, "gid": 1790, "Name": "Lorimer Street" }, "geometry": { "type": "Point", "coordinates": [ -73.9502126, 40.7140621 ] } },
{ "type": "Feature", "properties": { "city": "New York", "type": "station", "x": 40.7038293, "y": -73.9473618, "gid": 1804, "Name": "Lorimer Street" }, "geometry": { "type": "Point", "coordinates": [ -73.9473618, 40.7038293 ] } },
{ "type": "Feature", "properties": { "city": "New York", "type": "station", "x": 40.7084064, "y": -73.9579142, "gid": 1759, "Name": "Marcy Avenue" }, "geometry": { "type": "Point", "coordinates": [ -73.9579142, 40.7084064 ] } },
{ "type": "Feature", "properties": { "city": "New York", "type": "station", "x": 40.7144578, "y": -74.0432714, "gid": 1527, "Name": "Marin Boulevard" }, "geometry": { "type": "Point", "coordinates": [ -74.0432714, 40.7144578 ] } },
{ "type": "Feature", "properties": { "city": "New York", "type": "station", "x": 40.7121001, "y": -74.0772496, "gid": 1512, "Name": "Martin Luther King Drive" }, "geometry": { "type": "Point", "coordinates": [ -74.0772496, 40.7121001 ] } },
{ "type": "Feature", "properties": { "city": "New York", "type": "station", "x": 40.8256703, "y": -73.9152416, "gid": 1885, "Name": "Melrose" }, "geometry": { "type": "Point", "coordinates": [ -73.9152416, 40.8256703 ] } },
{ "type": "Feature", "properties": { "city": "New York", "type": "station", "x": 40.7130242, "y": -73.9514225, "gid": 1780, "Name": "Metropolitan Avenue" }, "geometry": { "type": "Point", "coordinates": [ -73.9514225, 40.7130242 ] } },
{ "type": "Feature", "properties": { "city": "New York", "type": "station", "x": 40.7489911, "y": -73.9348016, "gid": 1838, "Name": "Midday Storage Yard" }, "geometry": { "type": "Point", "coordinates": [ -73.9348016, 40.7489911 ] } },
{ "type": "Feature", "properties": { "city": "New York", "type": "station", "x": 40.7076636, "y": -73.9398247, "gid": 1825, "Name": "Montrose Avenue" }, "geometry": { "type": "Point", "coordinates": [ -73.9398247, 40.7076636 ] } },
{ "type": "Feature", "properties": { "city": "New York", "type": "station", "x": 40.7062248, "y": -73.9326982, "gid": 1842, "Name": "Morgan Avenue" }, "geometry": { "type": "Point", "coordinates": [ -73.9326982, 40.7062248 ] } },
{ "type": "Feature", "properties": { "city": "New York", "type": "station", "x": 40.6969959, "y": -73.9352775, "gid": 1837, "Name": "Myrtle Avenue" }, "geometry": { "type": "Point", "coordinates": [ -73.9352775, 40.6969959 ] } },
{ "type": "Feature", "properties": { "city": "New York", "type": "station", "x": 40.6945679, "y": -73.949046, "gid": 1795, "Name": "Myrtle–Willoughby Avenues" }, "geometry": { "type": "Point", "coordinates": [ -73.949046, 40.6945679 ] } },
{ "type": "Feature", "properties": { "city": "New York", "type": "station", "x": 40.6994961, "y": -73.9117908, "gid": 1896, "Name": "Myrtle–Wyckoff Avenues" }, "geometry": { "type": "Point", "coordinates": [ -73.9117908, 40.6994961 ] } },
{ "type": "Feature", "properties": { "city": "New York", "type": "station", "x": 40.724635, "y": -73.951277, "gid": 1781, "Name": "Nassau Avenue" }, "geometry": { "type": "Point", "coordinates": [ -73.951277, 40.724635 ] } },
{ "type": "Feature", "properties": { "city": "New York", "type": "station", "x": 40.6887102, "y": -73.9808138, "gid": 1685, "Name": "Nevins Street" }, "geometry": { "type": "Point", "coordinates": [ -73.9808138, 40.6887102 ] } },
{ "type": "Feature", "properties": { "city": "New York", "type": "station", "x": 40.7267989, "y": -74.0347553, "gid": 1534, "Name": "Newport" }, "geometry": { "type": "Point", "coordinates": [ -74.0347553, 40.7267989 ] } },
{ "type": "Feature", "properties": { "city": "New York", "type": "station", "x": 40.7530794, "y": -73.9062074, "gid": 1909, "Name": "Northern Boulevard" }, "geometry": { "type": "Point", "coordinates": [ -73.9062074, 40.7530794 ] } },
{ "type": "Feature", "properties": { "city": "New York", "type": "station", "x": 40.6698674, "y": -73.9505172, "gid": 1785, "Name": "Nostrand Avenue" }, "geometry": { "type": "Point", "coordinates": [ -73.9505172, 40.6698674 ] } },
{ "type": "Feature", "properties": { "city": "New York", "type": "station", "x": 40.6803935, "y": -73.949556, "gid": 1793, "Name": "Nostrand Avenue" }, "geometry": { "type": "Point", "coordinates": [ -73.949556, 40.6803935 ] } },
{ "type": "Feature", "properties": { "city": "New York", "type": "station", "x": 40.6783847, "y": -73.9481991, "gid": 1798, "Name": "Nostrand Avenue" }, "geometry": { "type": "Point", "coordinates": [ -73.9481991, 40.6783847 ] } },
{ "type": "Feature", "properties": { "city": "New York", "type": "station", "x": 40.7132181, "y": -74.0091645, "gid": 1566, "Name": "Park Place" }, "geometry": { "type": "Point", "coordinates": [ -74.0091645, 40.7132181 ] } },
{ "type": "Feature", "properties": { "city": "New York", "type": "station", "x": 40.6748186, "y": -73.9576469, "gid": 1761, "Name": "Park Place" }, "geometry": { "type": "Point", "coordinates": [ -73.9576469, 40.6748186 ] } },
{ "type": "Feature", "properties": { "city": "New York", "type": "station", "x": 40.7502382, "y": -73.9928111, "gid": 1628, "Name": "Pennsylvania Station" }, "geometry": { "type": "Point", "coordinates": [ -73.9928111, 40.7502382 ] } },
{ "type": "Feature", "properties": { "city": "New York", "type": "station", "x": 40.7760032, "y": -74.0127799, "gid": 1554, "Name": "Port Imperial" }, "geometry": { "type": "Point", "coordinates": [ -74.0127799, 40.7760032 ] } },
{ "type": "Feature", "properties": { "city": "New York", "type": "station", "x": 40.6680739, "y": -73.9506525, "gid": 1784, "Name": "President Street" }, "geometry": { "type": "Point", "coordinates": [ -73.9506525, 40.6680739 ] } },
{ "type": "Feature", "properties": { "city": "New York", "type": "station", "x": 40.724329, "y": -73.997702, "gid": 1603, "Name": "Prince Street" }, "geometry": { "type": "Point", "coordinates": [ -73.997702, 40.724329 ] } },
{ "type": "Feature", "properties": { "city": "New York", "type": "station", "x": 40.665414, "y": -73.992872, "gid": 1625, "Name": "Prospect Avenue" }, "geometry": { "type": "Point", "coordinates": [ -73.992872, 40.665414 ] } },
{ "type": "Feature", "properties": { "city": "New York", "type": "station", "x": 40.8196507, "y": -73.9016566, "gid": 1930, "Name": "Prospect Avenue" }, "geometry": { "type": "Point", "coordinates": [ -73.9016566, 40.8196507 ] } },
{ "type": "Feature", "properties": { "city": "New York", "type": "station", "x": 40.7491009, "y": -73.9372155, "gid": 1832, "Name": "Queens Plaza" }, "geometry": { "type": "Point", "coordinates": [ -73.9372155, 40.7491009 ] } },
{ "type": "Feature", "properties": { "city": "New York", "type": "station", "x": 40.750607, "y": -73.9402599, "gid": 1822, "Name": "Queensboro Plaza" }, "geometry": { "type": "Point", "coordinates": [ -73.9402599, 40.750607 ] } },
{ "type": "Feature", "properties": { "city": "New York", "type": "station", "x": 40.6788802, "y": -73.9216651, "gid": 1868, "Name": "Ralph Avenue" }, "geometry": { "type": "Point", "coordinates": [ -73.9216651, 40.6788802 ] } },
{ "type": "Feature", "properties": { "city": "New York", "type": "station", "x": 40.7073629, "y": -74.01385, "gid": 1550, "Name": "Rector Street" }, "geometry": { "type": "Point", "coordinates": [ -74.01385, 40.7073629 ] } },
{ "type": "Feature", "properties": { "city": "New York", "type": "station", "x": 40.7591449, "y": -73.95326, "gid": 1775, "Name": "Roosevelt Island" }, "geometry": { "type": "Point", "coordinates": [ -73.95326, 40.7591449 ] } },
{ "type": "Feature", "properties": { "city": "New York", "type": "station", "x": 40.7613294, "y": -74.0757547, "gid": 1513, "Name": "Secaucus Junction" }, "geometry": { "type": "Point", "coordinates": [ -74.0757547, 40.7613294 ] } },
{ "type": "Feature", "properties": { "city": "New York", "type": "station", "x": 40.7028171, "y": -73.9076756, "gid": 1907, "Name": "Seneca Avenue" }, "geometry": { "type": "Point", "coordinates": [ -73.9076756, 40.7028171 ] } },
{ "type": "Feature", "properties": { "city": "New York", "type": "station", "x": 40.67358, "y": -73.995959, "gid": 1611, "Name": "Smith–9th Streets" }, "geometry": { "type": "Point", "coordinates": [ -73.995959, 40.67358 ] } },
{ "type": "Feature", "properties": { "city": "New York", "type": "station", "x": 40.7017103, "y": -74.0131489, "gid": 1552, "Name": "South Ferry" }, "geometry": { "type": "Point", "coordinates": [ -74.0131489, 40.7017103 ] } },
{ "type": "Feature", "properties": { "city": "New York", "type": "station", "x": 40.7255399, "y": -74.0040137, "gid": 1580, "Name": "Spring Street" }, "geometry": { "type": "Point", "coordinates": [ -74.0040137, 40.7255399 ] } },
{ "type": "Feature", "properties": { "city": "New York", "type": "station", "x": 40.7223025, "y": -73.9971855, "gid": 1604, "Name": "Spring Street" }, "geometry": { "type": "Point", "coordinates": [ -73.9971855, 40.7223025 ] } },
{ "type": "Feature", "properties": { "city": "New York", "type": "station", "x": 40.7575068, "y": -73.9201758, "gid": 1872, "Name": "Steinway Street" }, "geometry": { "type": "Point", "coordinates": [ -73.9201758, 40.7575068 ] } },
{ "type": "Feature", "properties": { "city": "New York", "type": "station", "x": 40.749083, "y": -73.9310029, "gid": 1846, "Name": "Sunnyside Yard" }, "geometry": { "type": "Point", "coordinates": [ -73.9310029, 40.749083 ] } },
{ "type": "Feature", "properties": { "city": "New York", "type": "station", "x": 40.7560578, "y": -73.9862997, "gid": 1662, "Name": "Times Square" }, "geometry": { "type": "Point", "coordinates": [ -73.9862997, 40.7560578 ] } },
{ "type": "Feature", "properties": { "city": "New York", "type": "station", "x": 40.787684, "y": -74.0315526, "gid": 1538, "Name": "Tonnelle Avenue" }, "geometry": { "type": "Point", "coordinates": [ -74.0315526, 40.787684 ] } },
{ "type": "Feature", "properties": { "city": "New York", "type": "station", "x": 40.734603, "y": -73.9903599, "gid": 1638, "Name": "Union Square" }, "geometry": { "type": "Point", "coordinates": [ -73.9903599, 40.734603 ] } },
{ "type": "Feature", "properties": { "city": "New York", "type": "station", "x": 40.677316, "y": -73.98311, "gid": 1673, "Name": "Union Street" }, "geometry": { "type": "Point", "coordinates": [ -73.98311, 40.677316 ] } },
{ "type": "Feature", "properties": { "city": "New York", "type": "station", "x": 40.679347, "y": -73.9308408, "gid": 1847, "Name": "Utica Avenue" }, "geometry": { "type": "Point", "coordinates": [ -73.9308408, 40.679347 ] } },
{ "type": "Feature", "properties": { "city": "New York", "type": "station", "x": 40.6818296, "y": -73.9701723, "gid": 1729, "Name": "Vanderbilt Yard" }, "geometry": { "type": "Point", "coordinates": [ -73.9701723, 40.6818296 ] } },
{ "type": "Feature", "properties": { "city": "New York", "type": "station", "x": 40.742735, "y": -73.9541132, "gid": 1772, "Name": "Vernon Boulevard–Jackson Avenue" }, "geometry": { "type": "Point", "coordinates": [ -73.9541132, 40.742735 ] } },
{ "type": "Feature", "properties": { "city": "New York", "type": "station", "x": 40.7079284, "y": -74.0114693, "gid": 1558, "Name": "Wall Street" }, "geometry": { "type": "Point", "coordinates": [ -74.0114693, 40.7079284 ] } },
{ "type": "Feature", "properties": { "city": "New York", "type": "station", "x": 40.7067241, "y": -74.0091832, "gid": 1565, "Name": "Wall Street" }, "geometry": { "type": "Point", "coordinates": [ -74.0091832, 40.7067241 ] } },
{ "type": "Feature", "properties": { "city": "New York", "type": "station", "x": 40.731643, "y": -74.0009941, "gid": 1589, "Name": "West 4th Street–Washington Square" }, "geometry": { "type": "Point", "coordinates": [ -74.0009941, 40.731643 ] } },
{ "type": "Feature", "properties": { "city": "New York", "type": "station", "x": 40.7030869, "y": -74.012994, "gid": 1553, "Name": "Whitehall Street–South Ferry" }, "geometry": { "type": "Point", "coordinates": [ -74.012994, 40.7030869 ] } },
{ "type": "Feature", "properties": { "city": "New York", "type": "station", "x": 40.6885422, "y": -73.9042827, "gid": 1913, "Name": "Wilson Avenue" }, "geometry": { "type": "Point", "coordinates": [ -73.9042827, 40.6885422 ] } },
{ "type": "Feature", "properties": { "city": "New York", "type": "station", "x": 40.7332625, "y": -73.8697005, "gid": 1986, "Name": "Woodhaven Boulevard" }, "geometry": { "type": "Point", "coordinates": [ -73.8697005, 40.7332625 ] } },
{ "type": "Feature", "properties": { "city": "New York", "type": "station", "x": 40.7461604, "y": -73.9032853, "gid": 1920, "Name": "Woodside" }, "geometry": { "type": "Point", "coordinates": [ -73.9032853, 40.7461604 ] } },
{ "type": "Feature", "properties": { "city": "New York", "type": "station", "x": 40.7118877, "y": -74.0124412, "gid": 1555, "Name": "World Trade Center" }, "geometry": { "type": "Point", "coordinates": [ -74.0124412, 40.7118877 ] } },
{ "type": "Feature", "properties": { "city": "New York", "type": "station", "x": 40.7122023, "y": -74.010017, "gid": 1561, "Name": "World Trade Center" }, "geometry": { "type": "Point", "coordinates": [ -74.010017, 40.7122023 ] } },
{ "type": "Feature", "properties": { "city": "New York", "type": "station", "x": 40.7111153, "y": -74.0122698, "gid": 1556, "Name": "WTC Cortlandt" }, "geometry": { "type": "Point", "coordinates": [ -74.0122698, 40.7111153 ] } },
{ "type": "Feature", "properties": { "city": "New York", "type": "station", "x": 40.8256128, "y": -73.9302187, "gid": 1848, "Name": "Yankees–East 153rd Street" }, "geometry": { "type": "Point", "coordinates": [ -73.9302187, 40.8256128 ] } },
{ "type": "Feature", "properties": { "city": "New York", "type": "station", "x": 40.701397, "y": -73.986751, "gid": 1659, "Name": "York Street" }, "geometry": { "type": "Point", "coordinates": [ -73.986751, 40.701397 ] } },
{ "type": "Feature", "properties": { "city": "Paris", "type": "station", "x": 48.9328769, "y": 2.4557871, "gid": 4468, "Name": "Gare de Drancy" }, "geometry": { "type": "Point", "coordinates": [ 2.4557871, 48.9328769 ] } },
{ "type": "Feature", "properties": { "city": "Paris", "type": "station", "x": 48.8925573, "y": 2.3447605, "gid": 4661, "Name": "Jules Joffrin" }, "geometry": { "type": "Point", "coordinates": [ 2.3447605, 48.8925573 ] } },
{ "type": "Feature", "properties": { "city": "Paris", "type": "station", "x": 48.8686053, "y": 2.3418551, "gid": 4674, "Name": "Bourse" }, "geometry": { "type": "Point", "coordinates": [ 2.3418551, 48.8686053 ] } },
{ "type": "Feature", "properties": { "city": "Paris", "type": "station", "x": 48.8845677, "y": 2.3379294, "gid": 4697, "Name": "Abbesses" }, "geometry": { "type": "Point", "coordinates": [ 2.3379294, 48.8845677 ] } },
{ "type": "Feature", "properties": { "city": "Paris", "type": "tramstop", "x": 48.9658507, "y": 2.3636194, "gid": 19138, "Name": "Alcide d'Orbigny" }, "geometry": { "type": "Point", "coordinates": [ 2.3636194, 48.9658507 ] } },
{ "type": "Feature", "properties": { "city": "Paris", "type": "station", "x": 48.8280318, "y": 2.3270406, "gid": 4729, "Name": "Alésia" }, "geometry": { "type": "Point", "coordinates": [ 2.3270406, 48.8280318 ] } },
{ "type": "Feature", "properties": { "city": "Paris", "type": "tramstop", "x": 48.8434929, "y": 2.4100209, "gid": 19117, "Name": "Alexandra David-Néel" }, "geometry": { "type": "Point", "coordinates": [ 2.4100209, 48.8434929 ] } },
{ "type": "Feature", "properties": { "city": "Paris", "type": "station", "x": 48.8563062, "y": 2.3944977, "gid": 4528, "Name": "Alexandre Dumas" }, "geometry": { "type": "Point", "coordinates": [ 2.3944977, 48.8563062 ] } },
{ "type": "Feature", "properties": { "city": "Paris", "type": "station", "x": 48.8649686, "y": 2.3006256, "gid": 4798, "Name": "Alma-Marceau" }, "geometry": { "type": "Point", "coordinates": [ 2.3006256, 48.8649686 ] } },
{ "type": "Feature", "properties": { "city": "Paris", "type": "station", "x": 48.8920499, "y": 2.2850318, "gid": 4838, "Name": "Anatole France" }, "geometry": { "type": "Point", "coordinates": [ 2.2850318, 48.8920499 ] } },
{ "type": "Feature", "properties": { "city": "Paris", "type": "tramstop", "x": 48.8978262, "y": 2.3382313, "gid": 19369, "Name": "Angélique Compoint" }, "geometry": { "type": "Point", "coordinates": [ 2.3382313, 48.8978262 ] } },
{ "type": "Feature", "properties": { "city": "Paris", "type": "station", "x": 48.8828803, "y": 2.3442565, "gid": 4664, "Name": "Anvers" }, "geometry": { "type": "Point", "coordinates": [ 2.3442565, 48.8828803 ] } },
{ "type": "Feature", "properties": { "city": "Paris", "type": "station", "x": 48.7986105, "y": 2.3280777, "gid": 4724, "Name": "Arcueil - Cachan" }, "geometry": { "type": "Point", "coordinates": [ 2.3280777, 48.7986105 ] } },
{ "type": "Feature", "properties": { "city": "Paris", "type": "station", "x": 48.8753357, "y": 2.2901322, "gid": 4824, "Name": "Argentine" }, "geometry": { "type": "Point", "coordinates": [ 2.2901322, 48.8753357 ] } },
{ "type": "Feature", "properties": { "city": "Paris", "type": "station", "x": 48.8654414, "y": 2.3561316, "gid": 4629, "Name": "Arts et Métiers" }, "geometry": { "type": "Point", "coordinates": [ 2.3561316, 48.8654414 ] } },
{ "type": "Feature", "properties": { "city": "Paris", "type": "station", "x": 48.930647335779881, "y": 2.2837185350833153, "gid": 11886, "Name": "Asnières-Gennevilliers–Les Courtilles" }, "geometry": { "type": "Point", "coordinates": [ 2.283718535083315, 48.930647335779881 ] } },
{ "type": "Feature", "properties": { "city": "Paris", "type": "tramstop", "x": 48.9272797, "y": 2.2745632, "gid": 19427, "Name": "Asnières-Quatre Routes" }, "geometry": { "type": "Point", "coordinates": [ 2.2745632, 48.9272797 ] } },
{ "type": "Feature", "properties": { "city": "Paris", "type": "station", "x": 48.905901, "y": 2.2834758, "gid": 4840, "Name": "Asnières-sur-Seine" }, "geometry": { "type": "Point", "coordinates": [ 2.2834758, 48.905901 ] } },
{ "type": "Feature", "properties": { "city": "Paris", "type": "station", "x": 48.860697, "y": 2.3210551, "gid": 4750, "Name": "Assemblée Nationale" }, "geometry": { "type": "Point", "coordinates": [ 2.3210551, 48.860697 ] } },
{ "type": "Feature", "properties": { "city": "Paris", "type": "station", "x": 48.8722245, "y": 2.3297877, "gid": 4718, "Name": "Auber" }, "geometry": { "type": "Point", "coordinates": [ 2.3297877, 48.8722245 ] } },
{ "type": "Feature", "properties": { "city": "Paris", "type": "station", "x": 48.9036279, "y": 2.3922499, "gid": 4532, "Name": "Aubervilliers - Pantin - Quatre Chemins" }, "geometry": { "type": "Point", "coordinates": [ 2.3922499, 48.9036279 ] } },
{ "type": "Feature", "properties": { "city": "Paris", "type": "tramstop", "x": 48.9066927, "y": 2.4605385, "gid": 19214, "Name": "Auguste Delaune" }, "geometry": { "type": "Point", "coordinates": [ 2.4605385, 48.9066927 ] } },
{ "type": "Feature", "properties": { "city": "Paris", "type": "station", "x": 48.8532278, "y": 2.2801681, "gid": 4845, "Name": "Avenue du Président Kennedy" }, "geometry": { "type": "Point", "coordinates": [ 2.2801681, 48.8532278 ] } },
{ "type": "Feature", "properties": { "city": "Paris", "type": "station", "x": 48.8470132, "y": 2.2953191, "gid": 4812, "Name": "Avenue Émile Zola" }, "geometry": { "type": "Point", "coordinates": [ 2.2953191, 48.8470132 ] } },
{ "type": "Feature", "properties": { "city": "Paris", "type": "station", "x": 48.8705615, "y": 2.2752552, "gid": 4852, "Name": "Avenue Foch" }, "geometry": { "type": "Point", "coordinates": [ 2.2752552, 48.8705615 ] } },
{ "type": "Feature", "properties": { "city": "Paris", "type": "station", "x": 48.8645533, "y": 2.2721528, "gid": 4860, "Name": "Avenue Henri Martin" }, "geometry": { "type": "Point", "coordinates": [ 2.2721528, 48.8645533 ] } },
{ "type": "Feature", "properties": { "city": "Paris", "type": "station", "x": 48.8514841, "y": 2.3981859, "gid": 4523, "Name": "Avron" }, "geometry": { "type": "Point", "coordinates": [ 2.3981859, 48.8514841 ] } },
{ "type": "Feature", "properties": { "city": "Paris", "type": "station", "x": 48.8363968, "y": 2.278379, "gid": 4847, "Name": "Balard" }, "geometry": { "type": "Point", "coordinates": [ 2.278379, 48.8363968 ] } },
{ "type": "Feature", "properties": { "city": "Paris", "type": "tramstop", "x": 48.8358716, "y": 2.2791627, "gid": 19160, "Name": "Balard" }, "geometry": { "type": "Point", "coordinates": [ 2.2791627, 48.8358716 ] } },
{ "type": "Feature", "properties": { "city": "Paris", "type": "station", "x": 48.8837466, "y": 2.3496958, "gid": 4646, "Name": "Barbès - Rochechouart" }, "geometry": { "type": "Point", "coordinates": [ 2.3496958, 48.8837466 ] } },
{ "type": "Feature", "properties": { "city": "Paris", "type": "station", "x": 48.9366278, "y": 2.359281, "gid": 4618, "Name": "Basilique de Saint-Denis" }, "geometry": { "type": "Point", "coordinates": [ 2.359281, 48.9366278 ] } },
{ "type": "Feature", "properties": { "city": "Paris", "type": "tramstop", "x": 48.938074, "y": 2.3608058, "gid": 19355, "Name": "Basilique de Saint-Denis" }, "geometry": { "type": "Point", "coordinates": [ 2.3608058, 48.938074 ] } },
{ "type": "Feature", "properties": { "city": "Paris", "type": "station", "x": 48.852987, "y": 2.3688579, "gid": 4585, "Name": "Bastille" }, "geometry": { "type": "Point", "coordinates": [ 2.3688579, 48.852987 ] } },
{ "type": "Feature", "properties": { "city": "Paris", "type": "tramstop", "x": 48.9423055, "y": 2.3567693, "gid": 19178, "Name": "Baudelaire" }, "geometry": { "type": "Point", "coordinates": [ 2.3567693, 48.9423055 ] } },
{ "type": "Feature", "properties": { "city": "Paris", "type": "station", "x": 48.905526, "y": 2.268589, "gid": 4867, "Name": "Bécon-les-Bruyères" }, "geometry": { "type": "Point", "coordinates": [ 2.268589, 48.905526 ] } },
{ "type": "Feature", "properties": { "city": "Paris", "type": "station", "x": 48.8413382, "y": 2.4009317, "gid": 4518, "Name": "Bel-Air" }, "geometry": { "type": "Point", "coordinates": [ 2.4009317, 48.8413382 ] } },
{ "type": "Feature", "properties": { "city": "Paris", "type": "station", "x": 48.8720523, "y": 2.3769429, "gid": 4564, "Name": "Belleville" }, "geometry": { "type": "Point", "coordinates": [ 2.3769429, 48.8720523 ] } },
{ "type": "Feature", "properties": { "city": "Paris", "type": "tramstop", "x": 48.8759807, "y": 2.2259596, "gid": 19106, "Name": "Belvédère" }, "geometry": { "type": "Point", "coordinates": [ 2.2259596, 48.8759807 ] } },
{ "type": "Feature", "properties": { "city": "Paris", "type": "station", "x": 48.8454473, "y": 2.4292637, "gid": 4485, "Name": "Bérault" }, "geometry": { "type": "Point", "coordinates": [ 2.4292637, 48.8454473 ] } },
{ "type": "Feature", "properties": { "city": "Paris", "type": "station", "x": 48.8401549, "y": 2.3799474, "gid": 4557, "Name": "Bercy" }, "geometry": { "type": "Point", "coordinates": [ 2.3799474, 48.8401549 ] } },
{ "type": "Feature", "properties": { "city": "Paris", "type": "station", "x": 48.8297207, "y": 2.3770491, "gid": 4563, "Name": "Bibliothèque François Mitterrand" }, "geometry": { "type": "Point", "coordinates": [ 2.3770491, 48.8297207 ] } },
{ "type": "Feature", "properties": { "city": "Paris", "type": "station", "x": 48.8538898, "y": 2.2893811, "gid": 4827, "Name": "Bir-Hakeim" }, "geometry": { "type": "Point", "coordinates": [ 2.2893811, 48.8538898 ] } },
{ "type": "Feature", "properties": { "city": "Paris", "type": "station", "x": 48.8834886, "y": 2.3336343, "gid": 4707, "Name": "Blanche" }, "geometry": { "type": "Point", "coordinates": [ 2.3336343, 48.8834886 ] } },
{ "type": "Feature", "properties": { "city": "Paris", "type": "tramstop", "x": 48.9478196, "y": 2.3391813, "gid": 19307, "Name": "Blumenthal" }, "geometry": { "type": "Point", "coordinates": [ 2.3391813, 48.9478196 ] } },
{ "type": "Feature", "properties": { "city": "Paris", "type": "station", "x": 48.9064052, "y": 2.4491919, "gid": 4473, "Name": "Bobigny - Pablo Picasso" }, "geometry": { "type": "Point", "coordinates": [ 2.4491919, 48.9064052 ] } },
{ "type": "Feature", "properties": { "city": "Paris", "type": "tramstop", "x": 48.9065512, "y": 2.4497967, "gid": 19186, "Name": "Bobigny - Pablo Picasso" }, "geometry": { "type": "Point", "coordinates": [ 2.4497967, 48.9065512 ] } },
{ "type": "Feature", "properties": { "city": "Paris", "type": "station", "x": 48.8954065, "y": 2.42519, "gid": 4489, "Name": "Bobigny - Pantin - Raymond Queneau" }, "geometry": { "type": "Point", "coordinates": [ 2.42519, 48.8954065 ] } },
{ "type": "Feature", "properties": { "city": "Paris", "type": "station", "x": 48.914025, "y": 2.2718976, "gid": 4861, "Name": "Bois-Colombes" }, "geometry": { "type": "Point", "coordinates": [ 2.2718976, 48.914025 ] } },
{ "type": "Feature", "properties": { "city": "Paris", "type": "station", "x": 48.8670167, "y": 2.2900826, "gid": 4825, "Name": "Boissière" }, "geometry": { "type": "Point", "coordinates": [ 2.2900826, 48.8670167 ] } },
{ "type": "Feature", "properties": { "city": "Paris", "type": "station", "x": 48.8809263, "y": 2.3739077, "gid": 4572, "Name": "Bolivar" }, "geometry": { "type": "Point", "coordinates": [ 2.3739077, 48.8809263 ] } },
{ "type": "Feature", "properties": { "city": "Paris", "type": "station", "x": 48.8940324, "y": 2.4791346, "gid": 4461, "Name": "Bondy" }, "geometry": { "type": "Point", "coordinates": [ 2.4791346, 48.8940324 ] } },
{ "type": "Feature", "properties": { "city": "Paris", "type": "tramstop", "x": 48.8941018, "y": 2.4801432, "gid": 19390, "Name": "Bondy" }, "geometry": { "type": "Point", "coordinates": [ 2.4801432, 48.8941018 ] } },
{ "type": "Feature", "properties": { "city": "Paris", "type": "station", "x": 48.8706233, "y": 2.3487498, "gid": 4649, "Name": "Bonne Nouvelle" }, "geometry": { "type": "Point", "coordinates": [ 2.3487498, 48.8706233 ] } },
{ "type": "Feature", "properties": { "city": "Paris", "type": "station", "x": 48.8794926, "y": 2.3885791, "gid": 4541, "Name": "Botzaris" }, "geometry": { "type": "Point", "coordinates": [ 2.3885791, 48.8794926 ] } },
{ "type": "Feature", "properties": { "city": "Paris", "type": "station", "x": 48.8410837, "y": 2.2879218, "gid": 4830, "Name": "Boucicaut" }, "geometry": { "type": "Point", "coordinates": [ 2.2879218, 48.8410837 ] } },
{ "type": "Feature", "properties": { "city": "Paris", "type": "station", "x": 48.856567, "y": 2.2751737, "gid": 4853, "Name": "Boulainvilliers" }, "geometry": { "type": "Point", "coordinates": [ 2.2751737, 48.856567 ] } },
{ "type": "Feature", "properties": { "city": "Paris", "type": "station", "x": 48.841978, "y": 2.238742, "gid": 4897, "Name": "Boulogne - Jean Jaurès" }, "geometry": { "type": "Point", "coordinates": [ 2.238742, 48.841978 ] } },
{ "type": "Feature", "properties": { "city": "Paris", "type": "station", "x": 48.8686296, "y": 2.3414739, "gid": 4677, "Name": "Bourse" }, "geometry": { "type": "Point", "coordinates": [ 2.3414739, 48.8686296 ] } },
{ "type": "Feature", "properties": { "city": "Paris", "type": "tramstop", "x": 48.8286093, "y": 2.3010832, "gid": 19415, "Name": "Brancion" }, "geometry": { "type": "Point", "coordinates": [ 2.3010832, 48.8286093 ] } },
{ "type": "Feature", "properties": { "city": "Paris", "type": "station", "x": 48.8566333, "y": 2.3704333, "gid": 4580, "Name": "Bréguet-Sabin" }, "geometry": { "type": "Point", "coordinates": [ 2.3704333, 48.8566333 ] } },
{ "type": "Feature", "properties": { "city": "Paris", "type": "station", "x": 48.8905757, "y": 2.3202004, "gid": 4752, "Name": "Brochant" }, "geometry": { "type": "Point", "coordinates": [ 2.3202004, 48.8905757 ] } },
{ "type": "Feature", "properties": { "city": "Paris", "type": "tramstop", "x": 48.8850451, "y": 2.3967465, "gid": 19245, "Name": "Butte du Chapeau-Rouge" }, "geometry": { "type": "Point", "coordinates": [ 2.3967465, 48.8850451 ] } },
{ "type": "Feature", "properties": { "city": "Paris", "type": "station", "x": 48.8783961, "y": 2.3812008, "gid": 4555, "Name": "Buttes Chaumont" }, "geometry": { "type": "Point", "coordinates": [ 2.3812008, 48.8783961 ] } },
{ "type": "Feature", "properties": { "city": "Paris", "type": "station", "x": 48.8518166, "y": 2.4013757, "gid": 4515, "Name": "Buzenval" }, "geometry": { "type": "Point", "coordinates": [ 2.4013757, 48.8518166 ] } },
{ "type": "Feature", "properties": { "city": "Paris", "type": "station", "x": 48.8759778, "y": 2.3444894, "gid": 4663, "Name": "Cadet" }, "geometry": { "type": "Point", "coordinates": [ 2.3444894, 48.8759778 ] } },
{ "type": "Feature", "properties": { "city": "Paris", "type": "station", "x": 48.8475232, "y": 2.3029457, "gid": 4793, "Name": "Cambronne" }, "geometry": { "type": "Point", "coordinates": [ 2.3029457, 48.8475232 ] } },
{ "type": "Feature", "properties": { "city": "Paris", "type": "station", "x": 48.8356545, "y": 2.3589273, "gid": 4619, "Name": "Campo-Formio" }, "geometry": { "type": "Point", "coordinates": [ 2.3589273, 48.8356545 ] } },
{ "type": "Feature", "properties": { "city": "Paris", "type": "tramstop", "x": 48.8987234, "y": 2.3807943, "gid": 19249, "Name": "Canal Saint-Denis" }, "geometry": { "type": "Point", "coordinates": [ 2.3807943, 48.8987234 ] } },
{ "type": "Feature", "properties": { "city": "Paris", "type": "station", "x": 48.8465283, "y": 2.351772, "gid": 4641, "Name": "Cardinal Lemoine" }, "geometry": { "type": "Point", "coordinates": [ 2.351772, 48.8465283 ] } },
{ "type": "Feature", "properties": { "city": "Paris", "type": "station", "x": 48.919576, "y": 2.3432563, "gid": 4669, "Name": "Carrefour Pleyel" }, "geometry": { "type": "Point", "coordinates": [ 2.3432563, 48.919576 ] } },
{ "type": "Feature", "properties": { "city": "Paris", "type": "station", "x": 48.8406473, "y": 2.3519334, "gid": 4640, "Name": "Censier - Daubenton" }, "geometry": { "type": "Point", "coordinates": [ 2.3519334, 48.8406473 ] } },
{ "type": "Feature", "properties": { "city": "Paris", "type": "tramstop", "x": 48.8042927, "y": 2.2892213, "gid": 19236, "Name": "Centre de Châtillon" }, "geometry": { "type": "Point", "coordinates": [ 2.2892213, 48.8042927 ] } },
{ "type": "Feature", "properties": { "city": "Paris", "type": "tramstop", "x": 48.9495689, "y": 2.3425454, "gid": 19231, "Name": "César" }, "geometry": { "type": "Point", "coordinates": [ 2.3425454, 48.9495689 ] } },
{ "type": "Feature", "properties": { "city": "Paris", "type": "tramstop", "x": 48.9495727, "y": 2.3424986, "gid": 19297, "Name": "César" }, "geometry": { "type": "Point", "coordinates": [ 2.3424986, 48.9495727 ] } },
{ "type": "Feature", "properties": { "city": "Paris", "type": "station", "x": 48.8567083, "y": 2.2897559, "gid": 4826, "Name": "Champ de Mars - Tour Eiffel" }, "geometry": { "type": "Point", "coordinates": [ 2.2897559, 48.8567083 ] } },
{ "type": "Feature", "properties": { "city": "Paris", "type": "station", "x": 48.8678013, "y": 2.3138853, "gid": 4767, "Name": "Champs-Élysées - Clemenceau" }, "geometry": { "type": "Point", "coordinates": [ 2.3138853, 48.8678013 ] } },
{ "type": "Feature", "properties": { "city": "Paris", "type": "station", "x": 48.845414, "y": 2.267172, "gid": 4869, "Name": "Chardon-Lagache" }, "geometry": { "type": "Point", "coordinates": [ 2.267172, 48.845414 ] } },
{ "type": "Feature", "properties": { "city": "Paris", "type": "station", "x": 48.8215612, "y": 2.4137829, "gid": 4496, "Name": "Charenton-Écoles" }, "geometry": { "type": "Point", "coordinates": [ 2.4137829, 48.8215612 ] } },
{ "type": "Feature", "properties": { "city": "Paris", "type": "tramstop", "x": 48.9074343, "y": 2.2385424, "gid": 19220, "Name": "Charlebourg" }, "geometry": { "type": "Point", "coordinates": [ 2.2385424, 48.9074343 ] } },
{ "type": "Feature", "properties": { "city": "Paris", "type": "station", "x": 48.8744088, "y": 2.295508, "gid": 4811, "Name": "Charles de Gaulle — Étoile" }, "geometry": { "type": "Point", "coordinates": [ 2.295508, 48.8744088 ] } },
{ "type": "Feature", "properties": { "city": "Paris", "type": "station", "x": 48.8465262, "y": 2.2858801, "gid": 4835, "Name": "Charles Michels" }, "geometry": { "type": "Point", "coordinates": [ 2.2858801, 48.8465262 ] } },
{ "type": "Feature", "properties": { "city": "Paris", "type": "station", "x": 48.8547441, "y": 2.3853565, "gid": 4547, "Name": "Charonne" }, "geometry": { "type": "Point", "coordinates": [ 2.3853565, 48.8547441 ] } },
{ "type": "Feature", "properties": { "city": "Paris", "type": "station", "x": 48.8445799, "y": 2.438912, "gid": 4478, "Name": "Château de Vincennes" }, "geometry": { "type": "Point", "coordinates": [ 2.438912, 48.8445799 ] } },
{ "type": "Feature", "properties": { "city": "Paris", "type": "station", "x": 48.8728888, "y": 2.3563528, "gid": 4627, "Name": "Château d'Eau" }, "geometry": { "type": "Point", "coordinates": [ 2.3563528, 48.8728888 ] } },
{ "type": "Feature", "properties": { "city": "Paris", "type": "station", "x": 48.8788923, "y": 2.3624779, "gid": 4605, "Name": "Château Landon" }, "geometry": { "type": "Point", "coordinates": [ 2.3624779, 48.8788923 ] } },
{ "type": "Feature", "properties": { "city": "Paris", "type": "station", "x": 48.8872884, "y": 2.3495532, "gid": 4647, "Name": "Château Rouge" }, "geometry": { "type": "Point", "coordinates": [ 2.3495532, 48.8872884 ] } },
{ "type": "Feature", "properties": { "city": "Paris", "type": "station", "x": 48.8587782, "y": 2.3474106, "gid": 4654, "Name": "Châtelet" }, "geometry": { "type": "Point", "coordinates": [ 2.3474106, 48.8587782 ] } },
{ "type": "Feature", "properties": { "city": "Paris", "type": "station", "x": 48.8616513, "y": 2.3470129, "gid": 4655, "Name": "Châtelet - Les Halles" }, "geometry": { "type": "Point", "coordinates": [ 2.3470129, 48.8616513 ] } },
{ "type": "Feature", "properties": { "city": "Paris", "type": "station", "x": 48.8108212, "y": 2.3016036, "gid": 4795, "Name": "Châtillon-Montrouge" }, "geometry": { "type": "Point", "coordinates": [ 2.3016036, 48.8108212 ] } },
{ "type": "Feature", "properties": { "city": "Paris", "type": "tramstop", "x": 48.81067, "y": 2.3002605, "gid": 19325, "Name": "Châtillon-Montrouge" }, "geometry": { "type": "Point", "coordinates": [ 2.3002605, 48.81067 ] } },
{ "type": "Feature", "properties": { "city": "Paris", "type": "station", "x": 48.8729876, "y": 2.3333126, "gid": 4708, "Name": "Chaussée d'Antin - La Fayette" }, "geometry": { "type": "Point", "coordinates": [ 2.3333126, 48.8729876 ] } },
{ "type": "Feature", "properties": { "city": "Paris", "type": "tramstop", "x": 48.9346025, "y": 2.3217336, "gid": 19111, "Name": "Chemin des Reniers" }, "geometry": { "type": "Point", "coordinates": [ 2.3217336, 48.9346025 ] } },
{ "type": "Feature", "properties": { "city": "Paris", "type": "station", "x": 48.8574497, "y": 2.3681089, "gid": 4587, "Name": "Chemin Vert" }, "geometry": { "type": "Point", "coordinates": [ 2.3681089, 48.8574497 ] } },
{ "type": "Feature", "properties": { "city": "Paris", "type": "station", "x": 48.8349584, "y": 2.3680641, "gid": 4588, "Name": "Chevaleret" }, "geometry": { "type": "Point", "coordinates": [ 2.3680641, 48.8349584 ] } },
{ "type": "Feature", "properties": { "city": "Paris", "type": "tramstop", "x": 48.9362794, "y": 2.3639395, "gid": 19197, "Name": "Cimetière de Saint-Denis" }, "geometry": { "type": "Point", "coordinates": [ 2.3639395, 48.9362794 ] } },
{ "type": "Feature", "properties": { "city": "Paris", "type": "station", "x": 48.8552968, "y": 2.3475476, "gid": 4653, "Name": "Cité" }, "geometry": { "type": "Point", "coordinates": [ 2.3475476, 48.8552968 ] } },
{ "type": "Feature", "properties": { "city": "Paris", "type": "station", "x": 48.8205877, "y": 2.3390071, "gid": 4692, "Name": "Cité Universitaire" }, "geometry": { "type": "Point", "coordinates": [ 2.3390071, 48.8205877 ] } },
{ "type": "Feature", "properties": { "city": "Paris", "type": "tramstop", "x": 48.8201367, "y": 2.3394904, "gid": 19154, "Name": "Cité Universitaire" }, "geometry": { "type": "Point", "coordinates": [ 2.3394904, 48.8201367 ] } },
{ "type": "Feature", "properties": { "city": "Paris", "type": "station", "x": 48.8138884, "y": 2.2730768, "gid": 4857, "Name": "Clamart" }, "geometry": { "type": "Point", "coordinates": [ 2.2730768, 48.8138884 ] } },
{ "type": "Feature", "properties": { "city": "Paris", "type": "station", "x": 48.8970901, "y": 2.298139, "gid": 4806, "Name": "Clichy-Levallois" }, "geometry": { "type": "Point", "coordinates": [ 2.298139, 48.8970901 ] } },
{ "type": "Feature", "properties": { "city": "Paris", "type": "station", "x": 48.8511281, "y": 2.3442177, "gid": 4665, "Name": "Cluny-La Sorbonne" }, "geometry": { "type": "Point", "coordinates": [ 2.3442177, 48.8511281 ] } },
{ "type": "Feature", "properties": { "city": "Paris", "type": "station", "x": 48.9239377, "y": 2.2593391, "gid": 4878, "Name": "Colombes" }, "geometry": { "type": "Point", "coordinates": [ 2.2593391, 48.9239377 ] } },
{ "type": "Feature", "properties": { "city": "Paris", "type": "station", "x": 48.8774215, "y": 2.3710197, "gid": 4579, "Name": "Colonel Fabien" }, "geometry": { "type": "Point", "coordinates": [ 2.3710197, 48.8774215 ] } },
{ "type": "Feature", "properties": { "city": "Paris", "type": "station", "x": 48.8447112, "y": 2.2938643, "gid": 4815, "Name": "Commerce" }, "geometry": { "type": "Point", "coordinates": [ 2.2938643, 48.8447112 ] } },
{ "type": "Feature", "properties": { "city": "Paris", "type": "station", "x": 48.8662052, "y": 2.3223767, "gid": 4744, "Name": "Concorde" }, "geometry": { "type": "Point", "coordinates": [ 2.3223767, 48.8662052 ] } },
{ "type": "Feature", "properties": { "city": "Paris", "type": "station", "x": 48.8373091, "y": 2.2966292, "gid": 4809, "Name": "Convention" }, "geometry": { "type": "Point", "coordinates": [ 2.2966292, 48.8373091 ] } },
{ "type": "Feature", "properties": { "city": "Paris", "type": "station", "x": 48.8947282, "y": 2.3823046, "gid": 4554, "Name": "Corentin Cariou" }, "geometry": { "type": "Point", "coordinates": [ 2.3823046, 48.8947282 ] } },
{ "type": "Feature", "properties": { "city": "Paris", "type": "station", "x": 48.8270526, "y": 2.2793746, "gid": 4846, "Name": "Corentin Celton" }, "geometry": { "type": "Point", "coordinates": [ 2.2793746, 48.8270526 ] } },
{ "type": "Feature", "properties": { "city": "Paris", "type": "station", "x": 48.8297785, "y": 2.3504704, "gid": 4644, "Name": "Corvisart" }, "geometry": { "type": "Point", "coordinates": [ 2.3504704, 48.8297785 ] } },
{ "type": "Feature", "properties": { "city": "Paris", "type": "tramstop", "x": 48.9316969, "y": 2.3784246, "gid": 19185, "Name": "Cosmonautes" }, "geometry": { "type": "Point", "coordinates": [ 2.3784246, 48.9316969 ] } },
{ "type": "Feature", "properties": { "city": "Paris", "type": "station", "x": 48.8335481, "y": 2.3859541, "gid": 4545, "Name": "Cour Saint-Émilion" }, "geometry": { "type": "Point", "coordinates": [ 2.3859541, 48.8335481 ] } },
{ "type": "Feature", "properties": { "city": "Paris", "type": "station", "x": 48.8982683, "y": 2.2483242, "gid": 4886, "Name": "Courbevoie" }, "geometry": { "type": "Point", "coordinates": [ 2.2483242, 48.8982683 ] } },
{ "type": "Feature", "properties": { "city": "Paris", "type": "station", "x": 48.8794066, "y": 2.3043565, "gid": 4791, "Name": "Courcelles" }, "geometry": { "type": "Point", "coordinates": [ 2.3043565, 48.8794066 ] } },
{ "type": "Feature", "properties": { "city": "Paris", "type": "station", "x": 48.869062, "y": 2.3804698, "gid": 4556, "Name": "Couronnes" }, "geometry": { "type": "Point", "coordinates": [ 2.3804698, 48.869062 ] } },
{ "type": "Feature", "properties": { "city": "Paris", "type": "station", "x": 48.8908513, "y": 2.3773681, "gid": 4561, "Name": "Crimée" }, "geometry": { "type": "Point", "coordinates": [ 2.3773681, 48.8908513 ] } },
{ "type": "Feature", "properties": { "city": "Paris", "type": "station", "x": 48.857946, "y": 2.4357587, "gid": 4480, "Name": "Croix de Chavaux" }, "geometry": { "type": "Point", "coordinates": [ 2.4357587, 48.857946 ] } },
{ "type": "Feature", "properties": { "city": "Paris", "type": "tramstop", "x": 48.9227218, "y": 2.4065946, "gid": 19450, "Name": "Danton" }, "geometry": { "type": "Point", "coordinates": [ 2.4065946, 48.9227218 ] } },
{ "type": "Feature", "properties": { "city": "Paris", "type": "station", "x": 48.8819444, "y": 2.3933608, "gid": 4530, "Name": "Danube" }, "geometry": { "type": "Point", "coordinates": [ 2.3933608, 48.8819444 ] } },
{ "type": "Feature", "properties": { "city": "Paris", "type": "station", "x": 48.8395675, "y": 2.3959529, "gid": 4525, "Name": "Daumesnil" }, "geometry": { "type": "Point", "coordinates": [ 2.3959529, 48.8395675 ] } },
{ "type": "Feature", "properties": { "city": "Paris", "type": "tramstop", "x": 48.9456931, "y": 2.3474051, "gid": 19237, "Name": "Delaunay - Belleville" }, "geometry": { "type": "Point", "coordinates": [ 2.3474051, 48.9456931 ] } },
{ "type": "Feature", "properties": { "city": "Paris", "type": "tramstop", "x": 48.8936697, "y": 2.3977723, "gid": 19251, "Name": "Delphine Seyrig" }, "geometry": { "type": "Point", "coordinates": [ 2.3977723, 48.8936697 ] } },
{ "type": "Feature", "properties": { "city": "Paris", "type": "station", "x": 48.8329934, "y": 2.3332221, "gid": 4709, "Name": "Denfert-Rochereau" }, "geometry": { "type": "Point", "coordinates": [ 2.3332221, 48.8329934 ] } },
{ "type": "Feature", "properties": { "city": "Paris", "type": "tramstop", "x": 48.8346694, "y": 2.2832036, "gid": 19159, "Name": "Desnouettes" }, "geometry": { "type": "Point", "coordinates": [ 2.2832036, 48.8346694 ] } },
{ "type": "Feature", "properties": { "city": "Paris", "type": "tramstop", "x": 48.8983206, "y": 2.352011, "gid": 19310, "Name": "Diane Arbus" }, "geometry": { "type": "Point", "coordinates": [ 2.352011, 48.8983206 ] } },
{ "type": "Feature", "properties": { "city": "Paris", "type": "tramstop", "x": 48.8260046, "y": 2.3130739, "gid": 19417, "Name": "Didot" }, "geometry": { "type": "Point", "coordinates": [ 2.3130739, 48.8260046 ] } },
{ "type": "Feature", "properties": { "city": "Paris", "type": "station", "x": 48.9327015, "y": 2.4545327, "gid": 4470, "Name": "Drancy" }, "geometry": { "type": "Point", "coordinates": [ 2.4545327, 48.9327015 ] } },
{ "type": "Feature", "properties": { "city": "Paris", "type": "tramstop", "x": 48.9177784, "y": 2.417705, "gid": 19448, "Name": "Drancy-Avenir" }, "geometry": { "type": "Point", "coordinates": [ 2.417705, 48.9177784 ] } },
{ "type": "Feature", "properties": { "city": "Paris", "type": "station", "x": 48.9439016, "y": 2.4111133, "gid": 4499, "Name": "Dugny - La Courneuve" }, "geometry": { "type": "Point", "coordinates": [ 2.4111133, 48.9439016 ] } },
{ "type": "Feature", "properties": { "city": "Paris", "type": "station", "x": 48.8390472, "y": 2.3896692, "gid": 4538, "Name": "Dugommier" }, "geometry": { "type": "Point", "coordinates": [ 2.3896692, 48.8390472 ] } },
{ "type": "Feature", "properties": { "city": "Paris", "type": "station", "x": 48.8504095, "y": 2.2936611, "gid": 4817, "Name": "Dupleix" }, "geometry": { "type": "Point", "coordinates": [ 2.2936611, 48.8504095 ] } },
{ "type": "Feature", "properties": { "city": "Paris", "type": "station", "x": 48.8468544, "y": 2.3166375, "gid": 4758, "Name": "Duroc" }, "geometry": { "type": "Point", "coordinates": [ 2.3166375, 48.8468544 ] } },
{ "type": "Feature", "properties": { "city": "Paris", "type": "station", "x": 48.8546647, "y": 2.3060728, "gid": 4787, "Name": "École Militaire" }, "geometry": { "type": "Point", "coordinates": [ 2.3060728, 48.8546647 ] } },
{ "type": "Feature", "properties": { "city": "Paris", "type": "station", "x": 48.8150196, "y": 2.4217316, "gid": 4491, "Name": "École Vétérinaire de Maisons-Alfort" }, "geometry": { "type": "Point", "coordinates": [ 2.4217316, 48.8150196 ] } },
{ "type": "Feature", "properties": { "city": "Paris", "type": "station", "x": 48.84111, "y": 2.3250699, "gid": 4739, "Name": "Edgar Quinet" }, "geometry": { "type": "Point", "coordinates": [ 2.3250699, 48.84111 ] } },
{ "type": "Feature", "properties": { "city": "Paris", "type": "station", "x": 48.8473406, "y": 2.2686929, "gid": 4866, "Name": "Église d'Auteuil" }, "geometry": { "type": "Point", "coordinates": [ 2.2686929, 48.8473406 ] } },
{ "type": "Feature", "properties": { "city": "Paris", "type": "station", "x": 48.8932459, "y": 2.4133107, "gid": 4497, "Name": "Église de Pantin" }, "geometry": { "type": "Point", "coordinates": [ 2.4133107, 48.8932459 ] } },
{ "type": "Feature", "properties": { "city": "Paris", "type": "tramstop", "x": 48.8974303, "y": 2.3949916, "gid": 19253, "Name": "Ella Fitzgerald - Grands Moulins de Pantin" }, "geometry": { "type": "Point", "coordinates": [ 2.3949916, 48.8974303 ] } },
{ "type": "Feature", "properties": { "city": "Paris", "type": "tramstop", "x": 48.9555056, "y": 2.2954371, "gid": 19244, "Name": "Épinay - Orgemont" }, "geometry": { "type": "Point", "coordinates": [ 2.2954371, 48.9555056 ] } },
{ "type": "Feature", "properties": { "city": "Paris", "type": "station", "x": 48.9581553, "y": 2.3283815, "gid": 4723, "Name": "Épinay - Villetaneuse" }, "geometry": { "type": "Point", "coordinates": [ 2.3283815, 48.9581553 ] } },
{ "type": "Feature", "properties": { "city": "Paris", "type": "tramstop", "x": 48.9554399, "y": 2.2954684, "gid": 19304, "Name": "Epinay-Orgemont" }, "geometry": { "type": "Point", "coordinates": [ 2.2954684, 48.9554399 ] } },
{ "type": "Feature", "properties": { "city": "Paris", "type": "station", "x": 48.9542296, "y": 2.3023104, "gid": 4794, "Name": "Épinay-sur-Seine" }, "geometry": { "type": "Point", "coordinates": [ 2.3023104, 48.9542296 ] } },
{ "type": "Feature", "properties": { "city": "Paris", "type": "tramstop", "x": 48.9558399, "y": 2.3020678, "gid": 19230, "Name": "Épinay-sur-Seine - Gare" }, "geometry": { "type": "Point", "coordinates": [ 2.3020678, 48.9558399 ] } },
{ "type": "Feature", "properties": { "city": "Paris", "type": "station", "x": 48.959082517639345, "y": 2.3289898601813754, "gid": 11880, "Name": "Épinay-Villetaneuse" }, "geometry": { "type": "Point", "coordinates": [ 2.328989860181375, 48.959082517639345 ] } },
{ "type": "Feature", "properties": { "city": "Paris", "type": "tramstop", "x": 48.8975573, "y": 2.3246019, "gid": 19364, "Name": "Épinettes-Pouchet" }, "geometry": { "type": "Point", "coordinates": [ 2.3246019, 48.8975573 ] } },
{ "type": "Feature", "properties": { "city": "Paris", "type": "tramstop", "x": 48.9126989, "y": 2.4354281, "gid": 19206, "Name": "Escadrille Normandie-Niémen" }, "geometry": { "type": "Point", "coordinates": [ 2.4354281, 48.9126989 ] } },
{ "type": "Feature", "properties": { "city": "Paris", "type": "station", "x": 48.8880492, "y": 2.2500793, "gid": 4884, "Name": "Esplanade de La Défense" }, "geometry": { "type": "Point", "coordinates": [ 2.2500793, 48.8880492 ] } },
{ "type": "Feature", "properties": { "city": "Paris", "type": "station", "x": 48.8639578, "y": 2.3494891, "gid": 4648, "Name": "Étienne Marcel" }, "geometry": { "type": "Point", "coordinates": [ 2.3494891, 48.8639578 ] } },
{ "type": "Feature", "properties": { "city": "Paris", "type": "station", "x": 48.8787676, "y": 2.3222643, "gid": 4745, "Name": "Europe" }, "geometry": { "type": "Point", "coordinates": [ 2.3222643, 48.8787676 ] } },
{ "type": "Feature", "properties": { "city": "Paris", "type": "station", "x": 48.8430044, "y": 2.2600472, "gid": 4876, "Name": "Exelmans" }, "geometry": { "type": "Point", "coordinates": [ 2.2600472, 48.8430044 ] } },
{ "type": "Feature", "properties": { "city": "Paris", "type": "station", "x": 48.8501609, "y": 2.3842222, "gid": 4550, "Name": "Faidherbe — Chaligny" }, "geometry": { "type": "Point", "coordinates": [ 2.3842222, 48.8501609 ] } },
{ "type": "Feature", "properties": { "city": "Paris", "type": "station", "x": 48.8444916, "y": 2.317965, "gid": 4756, "Name": "Falguière" }, "geometry": { "type": "Point", "coordinates": [ 2.317965, 48.8444916 ] } },
{ "type": "Feature", "properties": { "city": "Paris", "type": "tramstop", "x": 48.8970219, "y": 2.2400494, "gid": 19176, "Name": "Faubourg de l'Arche" }, "geometry": { "type": "Point", "coordinates": [ 2.2400494, 48.8970219 ] } },
{ "type": "Feature", "properties": { "city": "Paris", "type": "station", "x": 48.8426775, "y": 2.2917792, "gid": 4823, "Name": "Félix Faure" }, "geometry": { "type": "Point", "coordinates": [ 2.2917792, 48.8426775 ] } },
{ "type": "Feature", "properties": { "city": "Paris", "type": "station", "x": 48.8633194, "y": 2.3666124, "gid": 4593, "Name": "Filles du Calvaire" }, "geometry": { "type": "Point", "coordinates": [ 2.3666124, 48.8633194 ] } },
{ "type": "Feature", "properties": { "city": "Paris", "type": "station", "x": 48.8437078, "y": 2.4637379, "gid": 4466, "Name": "Fontenay-sous-Bois" }, "geometry": { "type": "Point", "coordinates": [ 2.4637379, 48.8437078 ] } },
{ "type": "Feature", "properties": { "city": "Paris", "type": "station", "x": 48.9142573, "y": 2.4038072, "gid": 4510, "Name": "Fort d'Aubervilliers" }, "geometry": { "type": "Point", "coordinates": [ 2.4038072, 48.9142573 ] } },
{ "type": "Feature", "properties": { "city": "Paris", "type": "station", "x": 48.8690339, "y": 2.3099266, "gid": 4779, "Name": "Franklin D. Roosevelt" }, "geometry": { "type": "Point", "coordinates": [ 2.3099266, 48.8690339 ] } },
{ "type": "Feature", "properties": { "city": "Paris", "type": "station", "x": 48.9064513, "y": 2.3659403, "gid": 4597, "Name": "Front Populaire" }, "geometry": { "type": "Point", "coordinates": [ 2.3659403, 48.9064513 ] } },
{ "type": "Feature", "properties": { "city": "Paris", "type": "station", "x": 48.8846923, "y": 2.3426644, "gid": 4670, "Name": "Funiculaire Montmartre - Station Inférieure" }, "geometry": { "type": "Point", "coordinates": [ 2.3426644, 48.8846923 ] } },
{ "type": "Feature", "properties": { "city": "Paris", "type": "station", "x": 48.8856581, "y": 2.3425549, "gid": 4671, "Name": "Funiculaire Montmartre - Station Supérieure" }, "geometry": { "type": "Point", "coordinates": [ 2.3425549, 48.8856581 ] } },
{ "type": "Feature", "properties": { "city": "Paris", "type": "station", "x": 48.9163939, "y": 2.2946589, "gid": 4814, "Name": "Gabriel Péri" }, "geometry": { "type": "Point", "coordinates": [ 2.2946589, 48.9163939 ] } },
{ "type": "Feature", "properties": { "city": "Paris", "type": "station", "x": 48.8386332, "y": 2.3224866, "gid": 4743, "Name": "Gaîté" }, "geometry": { "type": "Point", "coordinates": [ 2.3224866, 48.8386332 ] } },
{ "type": "Feature", "properties": { "city": "Paris", "type": "station", "x": 48.8649458, "y": 2.4154775, "gid": 4495, "Name": "Gallieni" }, "geometry": { "type": "Point", "coordinates": [ 2.4154775, 48.8649458 ] } },
{ "type": "Feature", "properties": { "city": "Paris", "type": "station", "x": 48.8649327, "y": 2.3980541, "gid": 4524, "Name": "Gambetta" }, "geometry": { "type": "Point", "coordinates": [ 2.3980541, 48.8649327 ] } },
{ "type": "Feature", "properties": { "city": "Paris", "type": "station", "x": 48.8412453, "y": 2.3663585, "gid": 4596, "Name": "Gare d'Austerlitz" }, "geometry": { "type": "Point", "coordinates": [ 2.3663585, 48.8412453 ] } },
{ "type": "Feature", "properties": { "city": "Paris", "type": "tramstop", "x": 48.9334411, "y": 2.3072917, "gid": 19112, "Name": "Gare de Gennevilliers" }, "geometry": { "type": "Point", "coordinates": [ 2.3072917, 48.9334411 ] } },
{ "type": "Feature", "properties": { "city": "Paris", "type": "station", "x": 48.8770807, "y": 2.3594553, "gid": 4617, "Name": "Gare de l’Est" }, "geometry": { "type": "Point", "coordinates": [ 2.3594553, 48.8770807 ] } },
{ "type": "Feature", "properties": { "city": "Paris", "type": "station", "x": 48.8435283, "y": 2.3743132, "gid": 4568, "Name": "Gare de Lyon" }, "geometry": { "type": "Point", "coordinates": [ 2.3743132, 48.8435283 ] } },
{ "type": "Feature", "properties": { "city": "Paris", "type": "station", "x": 48.8795666, "y": 2.3572124, "gid": 4625, "Name": "Gare du Nord (Métro)" }, "geometry": { "type": "Point", "coordinates": [ 2.3572124, 48.8795666 ] } },
{ "type": "Feature", "properties": { "city": "Paris", "type": "station", "x": 48.8400624, "y": 2.3191085, "gid": 4754, "Name": "Gare Montparnasse" }, "geometry": { "type": "Point", "coordinates": [ 2.3191085, 48.8400624 ] } },
{ "type": "Feature", "properties": { "city": "Paris", "type": "station", "x": 48.8385604, "y": 2.3159707, "gid": 4759, "Name": "Gare Montparnasse 3 - Vaugirard" }, "geometry": { "type": "Point", "coordinates": [ 2.3159707, 48.8385604 ] } },
{ "type": "Feature", "properties": { "city": "Paris", "type": "station", "x": 48.87653, "y": 2.3252374, "gid": 4738, "Name": "Gare Saint-Lazare" }, "geometry": { "type": "Point", "coordinates": [ 2.3252374, 48.87653 ] } },
{ "type": "Feature", "properties": { "city": "Paris", "type": "station", "x": 48.9057701, "y": 2.3317631, "gid": 4713, "Name": "Garibaldi" }, "geometry": { "type": "Point", "coordinates": [ 2.3317631, 48.9057701 ] } },
{ "type": "Feature", "properties": { "city": "Paris", "type": "tramstop", "x": 48.9141564, "y": 2.4311339, "gid": 19189, "Name": "Gaston Roulaud" }, "geometry": { "type": "Point", "coordinates": [ 2.4311339, 48.9141564 ] } },
{ "type": "Feature", "properties": { "city": "Paris", "type": "station", "x": 48.9336382, "y": 2.3075385, "gid": 4784, "Name": "Gennevilliers" }, "geometry": { "type": "Point", "coordinates": [ 2.3075385, 48.9336382 ] } },
{ "type": "Feature", "properties": { "city": "Paris", "type": "station", "x": 48.8153713, "y": 2.3408362, "gid": 4682, "Name": "Gentilly" }, "geometry": { "type": "Point", "coordinates": [ 2.3408362, 48.8153713 ] } },
{ "type": "Feature", "properties": { "city": "Paris", "type": "station", "x": 48.8720617, "y": 2.3004148, "gid": 4799, "Name": "George V" }, "geometry": { "type": "Point", "coordinates": [ 2.3004148, 48.8720617 ] } },
{ "type": "Feature", "properties": { "city": "Paris", "type": "tramstop", "x": 48.8298202, "y": 2.2956776, "gid": 19157, "Name": "Georges Brassens" }, "geometry": { "type": "Point", "coordinates": [ 2.2956776, 48.8298202 ] } },
{ "type": "Feature", "properties": { "city": "Paris", "type": "tramstop", "x": 48.9554364, "y": 2.3078706, "gid": 19242, "Name": "Gilbert Bonnemaison" }, "geometry": { "type": "Point", "coordinates": [ 2.3078706, 48.9554364 ] } },
{ "type": "Feature", "properties": { "city": "Paris", "type": "station", "x": 48.8311288, "y": 2.3434842, "gid": 4668, "Name": "Glacière" }, "geometry": { "type": "Point", "coordinates": [ 2.3434842, 48.8311288 ] } },
{ "type": "Feature", "properties": { "city": "Paris", "type": "station", "x": 48.8699854, "y": 2.3710671, "gid": 4578, "Name": "Goncourt" }, "geometry": { "type": "Point", "coordinates": [ 2.3710671, 48.8699854 ] } },
{ "type": "Feature", "properties": { "city": "Paris", "type": "station", "x": 48.8714412, "y": 2.3434953, "gid": 4667, "Name": "Grands Boulevards" }, "geometry": { "type": "Point", "coordinates": [ 2.3434953, 48.8714412 ] } },
{ "type": "Feature", "properties": { "city": "Paris", "type": "station", "x": 48.8927239, "y": 2.3273521, "gid": 4726, "Name": "Guy Môquet" }, "geometry": { "type": "Point", "coordinates": [ 2.3273521, 48.8927239 ] } },
{ "type": "Feature", "properties": { "city": "Paris", "type": "tramstop", "x": 48.9483146, "y": 2.3574983, "gid": 19402, "Name": "Guynemer - Stade Auguste Delaune" }, "geometry": { "type": "Point", "coordinates": [ 2.3574983, 48.9483146 ] } },
{ "type": "Feature", "properties": { "city": "Paris", "type": "station", "x": 48.8749979, "y": 2.3286951, "gid": 4722, "Name": "Haussmann - Saint-Lazare" }, "geometry": { "type": "Point", "coordinates": [ 2.3286951, 48.8749979 ] } },
{ "type": "Feature", "properties": { "city": "Paris", "type": "station", "x": 48.8736792, "y": 2.3273189, "gid": 4727, "Name": "Havre - Caumartin" }, "geometry": { "type": "Point", "coordinates": [ 2.3273189, 48.8736792 ] } },
{ "type": "Feature", "properties": { "city": "Paris", "type": "tramstop", "x": 48.8347598, "y": 2.2712702, "gid": 19110, "Name": "Henri Farman" }, "geometry": { "type": "Point", "coordinates": [ 2.2712702, 48.8347598 ] } },
{ "type": "Feature", "properties": { "city": "Paris", "type": "station", "x": 48.8912849, "y": 2.4025113, "gid": 4512, "Name": "Hoche" }, "geometry": { "type": "Point", "coordinates": [ 2.4025113, 48.8912849 ] } },
{ "type": "Feature", "properties": { "city": "Paris", "type": "tramstop", "x": 48.8963061, "y": 2.3188083, "gid": 19370, "Name": "Honoré de Balzac" }, "geometry": { "type": "Point", "coordinates": [ 2.3188083, 48.8963061 ] } },
{ "type": "Feature", "properties": { "city": "Paris", "type": "tramstop", "x": 48.9157835, "y": 2.4251854, "gid": 19191, "Name": "Hôpital Avicenne" }, "geometry": { "type": "Point", "coordinates": [ 2.4251854, 48.9157835 ] } },
{ "type": "Feature", "properties": { "city": "Paris", "type": "tramstop", "x": 48.9335302, "y": 2.3712928, "gid": 19187, "Name": "Hôpital Delafontaine" }, "geometry": { "type": "Point", "coordinates": [ 2.3712928, 48.9335302 ] } },
{ "type": "Feature", "properties": { "city": "Paris", "type": "tramstop", "x": 48.8794405, "y": 2.4012509, "gid": 19254, "Name": "Hôpital Robert Debré" }, "geometry": { "type": "Point", "coordinates": [ 2.4012509, 48.8794405 ] } },
{ "type": "Feature", "properties": { "city": "Paris", "type": "station", "x": 48.8575899, "y": 2.3515852, "gid": 4642, "Name": "Hôtel de Ville" }, "geometry": { "type": "Point", "coordinates": [ 2.3515852, 48.8575899 ] } },
{ "type": "Feature", "properties": { "city": "Paris", "type": "tramstop", "x": 48.9065191, "y": 2.4441888, "gid": 19223, "Name": "Hôtel de Ville de Bobigny" }, "geometry": { "type": "Point", "coordinates": [ 2.4441888, 48.9065191 ] } },
{ "type": "Feature", "properties": { "city": "Paris", "type": "tramstop", "x": 48.9274025, "y": 2.3923618, "gid": 19100, "Name": "Hôtel de Ville de la Courneuve" }, "geometry": { "type": "Point", "coordinates": [ 2.3923618, 48.9274025 ] } },
{ "type": "Feature", "properties": { "city": "Paris", "type": "station", "x": 48.8646725, "y": 2.2937783, "gid": 4816, "Name": "Iéna" }, "geometry": { "type": "Point", "coordinates": [ 2.2937783, 48.8646725 ] } },
{ "type": "Feature", "properties": { "city": "Paris", "type": "station", "x": 48.8608923, "y": 2.3144984, "gid": 4763, "Name": "Invalides" }, "geometry": { "type": "Point", "coordinates": [ 2.3144984, 48.8608923 ] } },
{ "type": "Feature", "properties": { "city": "Paris", "type": "station", "x": 48.8628261, "y": 2.3138373, "gid": 4768, "Name": "Invalides" }, "geometry": { "type": "Point", "coordinates": [ 2.3138373, 48.8628261 ] } },
{ "type": "Feature", "properties": { "city": "Paris", "type": "station", "x": 48.8199381, "y": 2.2593442, "gid": 4877, "Name": "Issy" }, "geometry": { "type": "Point", "coordinates": [ 2.2593442, 48.8199381 ] } },
{ "type": "Feature", "properties": { "city": "Paris", "type": "station", "x": 48.829667, "y": 2.2633387, "gid": 4873, "Name": "Issy - Val-de-Seine" }, "geometry": { "type": "Point", "coordinates": [ 2.2633387, 48.829667 ] } },
{ "type": "Feature", "properties": { "city": "Paris", "type": "tramstop", "x": 48.8297738, "y": 2.2630684, "gid": 19119, "Name": "Issy Val-de-Seine" }, "geometry": { "type": "Point", "coordinates": [ 2.2630684, 48.8297738 ] } },
{ "type": "Feature", "properties": { "city": "Paris", "type": "station", "x": 48.814468, "y": 2.391244, "gid": 4534, "Name": "Ivry-sur-Seine" }, "geometry": { "type": "Point", "coordinates": [ 2.391244, 48.814468 ] } },
{ "type": "Feature", "properties": { "city": "Paris", "type": "tramstop", "x": 48.9110863, "y": 2.2335955, "gid": 19171, "Name": "Jacqueline Auriol" }, "geometry": { "type": "Point", "coordinates": [ 2.2335955, 48.9110863 ] } },
{ "type": "Feature", "properties": { "city": "Paris", "type": "station", "x": 48.8711191, "y": 2.3607546, "gid": 4610, "Name": "Jacques Bonsergent" }, "geometry": { "type": "Point", "coordinates": [ 2.3607546, 48.8711191 ] } },
{ "type": "Feature", "properties": { "city": "Paris", "type": "tramstop", "x": 48.8247743, "y": 2.2605295, "gid": 19121, "Name": "Jacques-Henri Lartigue" }, "geometry": { "type": "Point", "coordinates": [ 2.2605295, 48.8247743 ] } },
{ "type": "Feature", "properties": { "city": "Paris", "type": "station", "x": 48.8525598, "y": 2.2681802, "gid": 4868, "Name": "Jasmin" }, "geometry": { "type": "Point", "coordinates": [ 2.2681802, 48.8525598 ] } },
{ "type": "Feature", "properties": { "city": "Paris", "type": "station", "x": 48.8825949, "y": 2.3703263, "gid": 4581, "Name": "Jaurès" }, "geometry": { "type": "Point", "coordinates": [ 2.3703263, 48.8825949 ] } },
{ "type": "Feature", "properties": { "city": "Paris", "type": "station", "x": 48.8465072, "y": 2.2771727, "gid": 4851, "Name": "Javel" }, "geometry": { "type": "Point", "coordinates": [ 2.2771727, 48.8465072 ] } },
{ "type": "Feature", "properties": { "city": "Paris", "type": "station", "x": 48.8461584, "y": 2.2783035, "gid": 4848, "Name": "Javel - André Citroën" }, "geometry": { "type": "Point", "coordinates": [ 2.2783035, 48.8461584 ] } },
{ "type": "Feature", "properties": { "city": "Paris", "type": "tramstop", "x": 48.8247855, "y": 2.3185684, "gid": 19422, "Name": "Jean Moulin" }, "geometry": { "type": "Point", "coordinates": [ 2.3185684, 48.8247855 ] } },
{ "type": "Feature", "properties": { "city": "Paris", "type": "tramstop", "x": 48.9078575, "y": 2.4542374, "gid": 19394, "Name": "Jean Rostand" }, "geometry": { "type": "Point", "coordinates": [ 2.4542374, 48.9078575 ] } },
{ "type": "Feature", "properties": { "city": "Paris", "type": "tramstop", "x": 48.9527042, "y": 2.3434795, "gid": 19243, "Name": "Jean Vilar" }, "geometry": { "type": "Point", "coordinates": [ 2.3434795, 48.9527042 ] } },
{ "type": "Feature", "properties": { "city": "Paris", "type": "tramstop", "x": 48.9556914, "y": 2.3583587, "gid": 19268, "Name": "Joncherolles" }, "geometry": { "type": "Point", "coordinates": [ 2.3583587, 48.9556914 ] } },
{ "type": "Feature", "properties": { "city": "Paris", "type": "station", "x": 48.8750944, "y": 2.38933, "gid": 4539, "Name": "Jourdain" }, "geometry": { "type": "Point", "coordinates": [ 2.38933, 48.8750944 ] } },
{ "type": "Feature", "properties": { "city": "Paris", "type": "station", "x": 48.8924628, "y": 2.3446394, "gid": 4662, "Name": "Jules Joffrin" }, "geometry": { "type": "Point", "coordinates": [ 2.3446394, 48.8924628 ] } },
{ "type": "Feature", "properties": { "city": "Paris", "type": "station", "x": 48.8459626, "y": 2.354801, "gid": 4632, "Name": "Jussieu" }, "geometry": { "type": "Point", "coordinates": [ 2.354801, 48.8459626 ] } },
{ "type": "Feature", "properties": { "city": "Paris", "type": "station", "x": 48.8716801, "y": 2.2935185, "gid": 4818, "Name": "Kléber" }, "geometry": { "type": "Point", "coordinates": [ 2.2935185, 48.8716801 ] } },
{ "type": "Feature", "properties": { "city": "Paris", "type": "station", "x": 48.9662338, "y": 2.3167211, "gid": 4757, "Name": "La Barre-Ormesson" }, "geometry": { "type": "Point", "coordinates": [ 2.3167211, 48.9662338 ] } },
{ "type": "Feature", "properties": { "city": "Paris", "type": "station", "x": 48.8844068, "y": 2.3603057, "gid": 4613, "Name": "La Chapelle" }, "geometry": { "type": "Point", "coordinates": [ 2.3603057, 48.8844068 ] } },
{ "type": "Feature", "properties": { "city": "Paris", "type": "station", "x": 48.9207595, "y": 2.410766, "gid": 4500, "Name": "La Courneuve - 8 mai 1945" }, "geometry": { "type": "Point", "coordinates": [ 2.410766, 48.9207595 ] } },
{ "type": "Feature", "properties": { "city": "Paris", "type": "tramstop", "x": 48.9207769, "y": 2.4106092, "gid": 19449, "Name": "La Courneuve - 8 Mai 1945" }, "geometry": { "type": "Point", "coordinates": [ 2.4106092, 48.9207769 ] } },
{ "type": "Feature", "properties": { "city": "Paris", "type": "station", "x": 48.9240954, "y": 2.384957, "gid": 4549, "Name": "La Courneuve - Aubervilliers" }, "geometry": { "type": "Point", "coordinates": [ 2.384957, 48.9240954 ] } },
{ "type": "Feature", "properties": { "city": "Paris", "type": "tramstop", "x": 48.9299125, "y": 2.3848773, "gid": 19198, "Name": "La Courneuve 6 Routes" }, "geometry": { "type": "Point", "coordinates": [ 2.3848773, 48.9299125 ] } },
{ "type": "Feature", "properties": { "city": "Paris", "type": "tramstop", "x": 48.920677, "y": 2.4107668, "gid": 19188, "Name": "La Courneuve 8 Mai 1945" }, "geometry": { "type": "Point", "coordinates": [ 2.4107668, 48.920677 ] } },
{ "type": "Feature", "properties": { "city": "Paris", "type": "station", "x": 48.8930846, "y": 2.2376319, "gid": 4901, "Name": "La Défense" }, "geometry": { "type": "Point", "coordinates": [ 2.2376319, 48.8930846 ] } },
{ "type": "Feature", "properties": { "city": "Paris", "type": "station", "x": 48.8916675, "y": 2.2387301, "gid": 4898, "Name": "La Défense - Grande Arche" }, "geometry": { "type": "Point", "coordinates": [ 2.2387301, 48.8916675 ] } },
{ "type": "Feature", "properties": { "city": "Paris", "type": "tramstop", "x": 48.8924409, "y": 2.2372072, "gid": 19362, "Name": "La Défense - Grande Arche" }, "geometry": { "type": "Point", "coordinates": [ 2.2372072, 48.8924409 ] } },
{ "type": "Feature", "properties": { "city": "Paris", "type": "tramstop", "x": 48.9097648, "y": 2.4374692, "gid": 19194, "Name": "La Ferme" }, "geometry": { "type": "Point", "coordinates": [ 2.4374692, 48.9097648 ] } },
{ "type": "Feature", "properties": { "city": "Paris", "type": "station", "x": 48.886971, "y": 2.3258228, "gid": 4733, "Name": "La Fourche" }, "geometry": { "type": "Point", "coordinates": [ 2.3258228, 48.886971 ] } },
{ "type": "Feature", "properties": { "city": "Paris", "type": "station", "x": 48.909689, "y": 2.2398658, "gid": 4896, "Name": "La Garenne-Colombes" }, "geometry": { "type": "Point", "coordinates": [ 2.2398658, 48.909689 ] } },
{ "type": "Feature", "properties": { "city": "Paris", "type": "station", "x": 48.8489809, "y": 2.2981916, "gid": 4804, "Name": "La Motte-Picquet - Grenelle" }, "geometry": { "type": "Point", "coordinates": [ 2.2981916, 48.8489809 ] } },
{ "type": "Feature", "properties": { "city": "Paris", "type": "station", "x": 48.8579754, "y": 2.274062, "gid": 4854, "Name": "La Muette" }, "geometry": { "type": "Point", "coordinates": [ 2.274062, 48.8579754 ] } },
{ "type": "Feature", "properties": { "city": "Paris", "type": "tramstop", "x": 48.9349928, "y": 2.3271329, "gid": 19114, "Name": "La Noue" }, "geometry": { "type": "Point", "coordinates": [ 2.3271329, 48.9349928 ] } },
{ "type": "Feature", "properties": { "city": "Paris", "type": "station", "x": 48.9182399, "y": 2.3624012, "gid": 4606, "Name": "La Plaine - Stade de France" }, "geometry": { "type": "Point", "coordinates": [ 2.3624012, 48.9182399 ] } },
{ "type": "Feature", "properties": { "city": "Paris", "type": "station", "x": 48.8575602, "y": 2.3103234, "gid": 4776, "Name": "La Tour Maubourg" }, "geometry": { "type": "Point", "coordinates": [ 2.3103234, 48.8575602 ] } },
{ "type": "Feature", "properties": { "city": "Paris", "type": "tramstop", "x": 48.9558736, "y": 2.3114688, "gid": 19299, "Name": "Lacépède" }, "geometry": { "type": "Point", "coordinates": [ 2.3114688, 48.9558736 ] } },
{ "type": "Feature", "properties": { "city": "Paris", "type": "station", "x": 48.8897543, "y": 2.3388254, "gid": 4693, "Name": "Lamarck - Caulaincourt" }, "geometry": { "type": "Point", "coordinates": [ 2.3388254, 48.8897543 ] } },
{ "type": "Feature", "properties": { "city": "Paris", "type": "station", "x": 48.807676452774366, "y": 2.3330140391586913, "gid": 11878, "Name": "Laplace" }, "geometry": { "type": "Point", "coordinates": [ 2.333014039158691, 48.807676452774366 ] } },
{ "type": "Feature", "properties": { "city": "Paris", "type": "station", "x": 48.8851647, "y": 2.3794369, "gid": 4560, "Name": "Laumière" }, "geometry": { "type": "Point", "coordinates": [ 2.3794369, 48.8851647 ] } },
{ "type": "Feature", "properties": { "city": "Paris", "type": "station", "x": 48.9308009, "y": 2.4257459, "gid": 4488, "Name": "Le Bourget" }, "geometry": { "type": "Point", "coordinates": [ 2.4257459, 48.9308009 ] } },
{ "type": "Feature", "properties": { "city": "Paris", "type": "station", "x": 48.810328, "y": 2.3622359, "gid": 4607, "Name": "Le Kremlin-Bicêtre" }, "geometry": { "type": "Point", "coordinates": [ 2.3622359, 48.810328 ] } },
{ "type": "Feature", "properties": { "city": "Paris", "type": "tramstop", "x": 48.9318565, "y": 2.2888637, "gid": 19165, "Name": "Le Luth" }, "geometry": { "type": "Point", "coordinates": [ 2.2888637, 48.9318565 ] } },
{ "type": "Feature", "properties": { "city": "Paris", "type": "station", "x": 48.8748603, "y": 2.340218, "gid": 4688, "Name": "Le Peletier" }, "geometry": { "type": "Point", "coordinates": [ 2.340218, 48.8748603 ] } },
{ "type": "Feature", "properties": { "city": "Paris", "type": "station", "x": 48.9313701, "y": 2.2607408, "gid": 4875, "Name": "Le Stade" }, "geometry": { "type": "Point", "coordinates": [ 2.2607408, 48.9313701 ] } },
{ "type": "Feature", "properties": { "city": "Paris", "type": "tramstop", "x": 48.933378, "y": 2.2948343, "gid": 19166, "Name": "Le Village" }, "geometry": { "type": "Point", "coordinates": [ 2.2948343, 48.933378 ] } },
{ "type": "Feature", "properties": { "city": "Paris", "type": "station", "x": 48.8512945, "y": 2.3760274, "gid": 4566, "Name": "Ledru-Rollin" }, "geometry": { "type": "Point", "coordinates": [ 2.3760274, 48.8512945 ] } },
{ "type": "Feature", "properties": { "city": "Paris", "type": "station", "x": 48.9231172, "y": 2.2862019, "gid": 4833, "Name": "Les Agnettes" }, "geometry": { "type": "Point", "coordinates": [ 2.2862019, 48.9231172 ] } },
{ "type": "Feature", "properties": { "city": "Paris", "type": "tramstop", "x": 48.9516903, "y": 2.3203412, "gid": 19229, "Name": "Les Béatus" }, "geometry": { "type": "Point", "coordinates": [ 2.3203412, 48.9516903 ] } },
{ "type": "Feature", "properties": { "city": "Paris", "type": "tramstop", "x": 48.9302613, "y": 2.2839338, "gid": 19164, "Name": "Les Courtilles" }, "geometry": { "type": "Point", "coordinates": [ 2.2839338, 48.9302613 ] } },
{ "type": "Feature", "properties": { "city": "Paris", "type": "tramstop", "x": 48.9031385, "y": 2.2395082, "gid": 19175, "Name": "Les Fauvelles" }, "geometry": { "type": "Point", "coordinates": [ 2.2395082, 48.9031385 ] } },
{ "type": "Feature", "properties": { "city": "Paris", "type": "station", "x": 48.8356445, "y": 2.3527513, "gid": 4637, "Name": "Les Gobelins" }, "geometry": { "type": "Point", "coordinates": [ 2.3527513, 48.8356445 ] } },
{ "type": "Feature", "properties": { "city": "Paris", "type": "station", "x": 48.9209417, "y": 2.3137969, "gid": 4770, "Name": "Les Grésillons" }, "geometry": { "type": "Point", "coordinates": [ 2.3137969, 48.9209417 ] } },
{ "type": "Feature", "properties": { "city": "Paris", "type": "station", "x": 48.8624659, "y": 2.3460086, "gid": 4656, "Name": "Les Halles" }, "geometry": { "type": "Point", "coordinates": [ 2.3460086, 48.8624659 ] } },
{ "type": "Feature", "properties": { "city": "Paris", "type": "tramstop", "x": 48.950121, "y": 2.3279347, "gid": 19238, "Name": "Les Mobiles" }, "geometry": { "type": "Point", "coordinates": [ 2.3279347, 48.950121 ] } },
{ "type": "Feature", "properties": { "city": "Paris", "type": "station", "x": 48.8809365, "y": 2.2722281, "gid": 4858, "Name": "Les Sablons" }, "geometry": { "type": "Point", "coordinates": [ 2.2722281, 48.8809365 ] } },
{ "type": "Feature", "properties": { "city": "Paris", "type": "station", "x": 48.9135537, "y": 2.2580021, "gid": 4880, "Name": "Les Vallées" }, "geometry": { "type": "Point", "coordinates": [ 2.2580021, 48.9135537 ] } },
{ "type": "Feature", "properties": { "city": "Paris", "type": "tramstop", "x": 48.9070212, "y": 2.4385619, "gid": 19098, "Name": "Libération" }, "geometry": { "type": "Point", "coordinates": [ 2.4385619, 48.9070212 ] } },
{ "type": "Feature", "properties": { "city": "Paris", "type": "station", "x": 48.8264064, "y": 2.406201, "gid": 4506, "Name": "Liberté" }, "geometry": { "type": "Point", "coordinates": [ 2.406201, 48.8264064 ] } },
{ "type": "Feature", "properties": { "city": "Paris", "type": "tramstop", "x": 48.935751, "y": 2.3397818, "gid": 19167, "Name": "L'Île-Saint-Denis" }, "geometry": { "type": "Point", "coordinates": [ 2.3397818, 48.935751 ] } },
{ "type": "Feature", "properties": { "city": "Paris", "type": "station", "x": 48.8818022, "y": 2.3663689, "gid": 4595, "Name": "Louis Blanc" }, "geometry": { "type": "Point", "coordinates": [ 2.3663689, 48.8818022 ] } },
{ "type": "Feature", "properties": { "city": "Paris", "type": "station", "x": 48.8882803, "y": 2.2884734, "gid": 4828, "Name": "Louise Michel" }, "geometry": { "type": "Point", "coordinates": [ 2.2884734, 48.8882803 ] } },
{ "type": "Feature", "properties": { "city": "Paris", "type": "station", "x": 48.8387364, "y": 2.2821481, "gid": 4841, "Name": "Lourmel" }, "geometry": { "type": "Point", "coordinates": [ 2.2821481, 48.8387364 ] } },
{ "type": "Feature", "properties": { "city": "Paris", "type": "station", "x": 48.8608027, "y": 2.3411235, "gid": 4680, "Name": "Louvre — Rivoli" }, "geometry": { "type": "Point", "coordinates": [ 2.3411235, 48.8608027 ] } },
{ "type": "Feature", "properties": { "city": "Paris", "type": "station", "x": 48.8454719, "y": 2.339808, "gid": 4689, "Name": "Luxembourg" }, "geometry": { "type": "Point", "coordinates": [ 2.339808, 48.8454719 ] } },
{ "type": "Feature", "properties": { "city": "Paris", "type": "station", "x": 48.8528994, "y": 2.3349474, "gid": 4703, "Name": "Mabillon" }, "geometry": { "type": "Point", "coordinates": [ 2.3349474, 48.8528994 ] } },
{ "type": "Feature", "properties": { "city": "Paris", "type": "station", "x": 48.8698297, "y": 2.3252553, "gid": 4737, "Name": "Madeleine" }, "geometry": { "type": "Point", "coordinates": [ 2.3252553, 48.8698297 ] } },
{ "type": "Feature", "properties": { "city": "Paris", "type": "station", "x": 48.8807811, "y": 2.3586992, "gid": 4620, "Name": "Magenta" }, "geometry": { "type": "Point", "coordinates": [ 2.3586992, 48.8807811 ] } },
{ "type": "Feature", "properties": { "city": "Paris", "type": "station", "x": 48.9032278, "y": 2.3059879, "gid": 4788, "Name": "Mairie de Clichy" }, "geometry": { "type": "Point", "coordinates": [ 2.3059879, 48.9032278 ] } },
{ "type": "Feature", "properties": { "city": "Paris", "type": "station", "x": 48.8625988, "y": 2.441569, "gid": 4477, "Name": "Mairie de Montreuil" }, "geometry": { "type": "Point", "coordinates": [ 2.441569, 48.8625988 ] } },
{ "type": "Feature", "properties": { "city": "Paris", "type": "station", "x": 48.8183525, "y": 2.3193273, "gid": 4753, "Name": "Mairie de Montrouge" }, "geometry": { "type": "Point", "coordinates": [ 2.3193273, 48.8183525 ] } },
{ "type": "Feature", "properties": { "city": "Paris", "type": "tramstop", "x": 48.9635563, "y": 2.360383, "gid": 19137, "Name": "Mairie de Pierrefitte" }, "geometry": { "type": "Point", "coordinates": [ 2.360383, 48.9635563 ] } },
{ "type": "Feature", "properties": { "city": "Paris", "type": "station", "x": 48.9123017, "y": 2.3342679, "gid": 4706, "Name": "Mairie de Saint-Ouen" }, "geometry": { "type": "Point", "coordinates": [ 2.3342679, 48.9123017 ] } },
{ "type": "Feature", "properties": { "city": "Paris", "type": "tramstop", "x": 48.9355815, "y": 2.3342042, "gid": 19309, "Name": "Mairie de Villeneuve-la-Garenne" }, "geometry": { "type": "Point", "coordinates": [ 2.3342042, 48.9355815 ] } },
{ "type": "Feature", "properties": { "city": "Paris", "type": "station", "x": 48.8797602, "y": 2.4164717, "gid": 4494, "Name": "Mairie des Lilas" }, "geometry": { "type": "Point", "coordinates": [ 2.4164717, 48.8797602 ] } },
{ "type": "Feature", "properties": { "city": "Paris", "type": "station", "x": 48.8241474, "y": 2.2731713, "gid": 4856, "Name": "Mairie d'Issy" }, "geometry": { "type": "Point", "coordinates": [ 2.2731713, 48.8241474 ] } },
{ "type": "Feature", "properties": { "city": "Paris", "type": "station", "x": 48.810989, "y": 2.3839772, "gid": 4551, "Name": "Mairie d'Ivry" }, "geometry": { "type": "Point", "coordinates": [ 2.3839772, 48.810989 ] } },
{ "type": "Feature", "properties": { "city": "Paris", "type": "station", "x": 48.8224745, "y": 2.358504, "gid": 4621, "Name": "Maison Blanche" }, "geometry": { "type": "Point", "coordinates": [ 2.358504, 48.8224745 ] } },
{ "type": "Feature", "properties": { "city": "Paris", "type": "station", "x": 48.8090371, "y": 2.4347211, "gid": 4482, "Name": "Maisons-Alfort — Stade" }, "geometry": { "type": "Point", "coordinates": [ 2.4347211, 48.8090371 ] } },
{ "type": "Feature", "properties": { "city": "Paris", "type": "station", "x": 48.8225032, "y": 2.2984833, "gid": 4802, "Name": "Malakoff - Plateau de Vanves" }, "geometry": { "type": "Point", "coordinates": [ 2.2984833, 48.8225032 ] } },
{ "type": "Feature", "properties": { "city": "Paris", "type": "station", "x": 48.815329, "y": 2.2969858, "gid": 4808, "Name": "Malakoff - Rue Étienne Dolet" }, "geometry": { "type": "Point", "coordinates": [ 2.2969858, 48.815329 ] } },
{ "type": "Feature", "properties": { "city": "Paris", "type": "station", "x": 48.8828567, "y": 2.3092267, "gid": 4781, "Name": "Malesherbes" }, "geometry": { "type": "Point", "coordinates": [ 2.3092267, 48.8828567 ] } },
{ "type": "Feature", "properties": { "city": "Paris", "type": "station", "x": 48.8526992, "y": 2.4061094, "gid": 4508, "Name": "Maraîchers" }, "geometry": { "type": "Point", "coordinates": [ 2.4061094, 48.8526992 ] } },
{ "type": "Feature", "properties": { "city": "Paris", "type": "station", "x": 48.8914837, "y": 2.3497296, "gid": 4645, "Name": "Marcadet - Poissonniers" }, "geometry": { "type": "Point", "coordinates": [ 2.3497296, 48.8914837 ] } },
{ "type": "Feature", "properties": { "city": "Paris", "type": "station", "x": 48.8336468, "y": 2.2435931, "gid": 4889, "Name": "Marcel Sembat" }, "geometry": { "type": "Point", "coordinates": [ 2.2435931, 48.8336468 ] } },
{ "type": "Feature", "properties": { "city": "Paris", "type": "tramstop", "x": 48.9385936, "y": 2.3560332, "gid": 19204, "Name": "Marché de Saint-Denis" }, "geometry": { "type": "Point", "coordinates": [ 2.3560332, 48.9385936 ] } },
{ "type": "Feature", "properties": { "city": "Paris", "type": "tramstop", "x": 48.8587125, "y": 2.409689, "gid": 19255, "Name": "Marie de Miribel" }, "geometry": { "type": "Point", "coordinates": [ 2.409689, 48.8587125 ] } },
{ "type": "Feature", "properties": { "city": "Paris", "type": "station", "x": 48.8905061, "y": 2.3599967, "gid": 4614, "Name": "Marx Dormoy" }, "geometry": { "type": "Point", "coordinates": [ 2.3599967, 48.8905061 ] } },
{ "type": "Feature", "properties": { "city": "Paris", "type": "tramstop", "x": 48.8243577, "y": 2.377671, "gid": 19256, "Name": "Maryse Bastié" }, "geometry": { "type": "Point", "coordinates": [ 2.377671, 48.8243577 ] } },
{ "type": "Feature", "properties": { "city": "Paris", "type": "station", "x": 48.8501284, "y": 2.3483786, "gid": 4651, "Name": "Maubert - Mutualité" }, "geometry": { "type": "Point", "coordinates": [ 2.3483786, 48.8501284 ] } },
{ "type": "Feature", "properties": { "city": "Paris", "type": "tramstop", "x": 48.9190958, "y": 2.4139568, "gid": 19183, "Name": "Maurice Lachâtre" }, "geometry": { "type": "Point", "coordinates": [ 2.4139568, 48.9190958 ] } },
{ "type": "Feature", "properties": { "city": "Paris", "type": "station", "x": 48.8667079, "y": 2.3833739, "gid": 4552, "Name": "Ménilmontant" }, "geometry": { "type": "Point", "coordinates": [ 2.3833739, 48.8667079 ] } },
{ "type": "Feature", "properties": { "city": "Paris", "type": "station", "x": 48.8370694, "y": 2.4024586, "gid": 4514, "Name": "Michel Bizot" }, "geometry": { "type": "Point", "coordinates": [ 2.4024586, 48.8370694 ] } },
{ "type": "Feature", "properties": { "city": "Paris", "type": "station", "x": 48.8479434, "y": 2.2641344, "gid": 4870, "Name": "Michel-Ange - Auteuil" }, "geometry": { "type": "Point", "coordinates": [ 2.2641344, 48.8479434 ] } },
{ "type": "Feature", "properties": { "city": "Paris", "type": "station", "x": 48.8452434, "y": 2.261895, "gid": 4874, "Name": "Michel-Ange - Molitor" }, "geometry": { "type": "Point", "coordinates": [ 2.261895, 48.8452434 ] } },
{ "type": "Feature", "properties": { "city": "Paris", "type": "station", "x": 48.8468038, "y": 2.2717155, "gid": 4862, "Name": "Mirabeau" }, "geometry": { "type": "Point", "coordinates": [ 2.2717155, 48.8468038 ] } },
{ "type": "Feature", "properties": { "city": "Paris", "type": "station", "x": 48.8736855, "y": 2.314468, "gid": 4764, "Name": "Miromesnil" }, "geometry": { "type": "Point", "coordinates": [ 2.314468, 48.8736855 ] } },
{ "type": "Feature", "properties": { "city": "Paris", "type": "station", "x": 48.8802919, "y": 2.3085925, "gid": 4782, "Name": "Monceau" }, "geometry": { "type": "Point", "coordinates": [ 2.3085925, 48.8802919 ] } },
{ "type": "Feature", "properties": { "city": "Paris", "type": "tramstop", "x": 48.8396774, "y": 2.4087914, "gid": 19425, "Name": "Montempoivre" }, "geometry": { "type": "Point", "coordinates": [ 2.4087914, 48.8396774 ] } },
{ "type": "Feature", "properties": { "city": "Paris", "type": "station", "x": 48.844304, "y": 2.3901962, "gid": 4536, "Name": "Montgallet" }, "geometry": { "type": "Point", "coordinates": [ 2.3901962, 48.844304 ] } },
{ "type": "Feature", "properties": { "city": "Paris", "type": "station", "x": 48.8439336, "y": 2.3241027, "gid": 4740, "Name": "Montparnasse-Bienvenüe" }, "geometry": { "type": "Point", "coordinates": [ 2.3241027, 48.8439336 ] } },
{ "type": "Feature", "properties": { "city": "Paris", "type": "tramstop", "x": 48.8214422, "y": 2.3335805, "gid": 19155, "Name": "Montsouris" }, "geometry": { "type": "Point", "coordinates": [ 2.3335805, 48.8214422 ] } },
{ "type": "Feature", "properties": { "city": "Paris", "type": "station", "x": 48.8312847, "y": 2.3298549, "gid": 4717, "Name": "Mouton-Duvernet" }, "geometry": { "type": "Point", "coordinates": [ 2.3298549, 48.8312847 ] } },
{ "type": "Feature", "properties": { "city": "Paris", "type": "station", "x": 48.8605712, "y": 2.326094, "gid": 4732, "Name": "Musée d'Orsay" }, "geometry": { "type": "Point", "coordinates": [ 2.326094, 48.8605712 ] } },
{ "type": "Feature", "properties": { "city": "Paris", "type": "station", "x": 48.8957273, "y": 2.2231626, "gid": 4914, "Name": "Nanterre-Préfecture" }, "geometry": { "type": "Point", "coordinates": [ 2.2231626, 48.8957273 ] } },
{ "type": "Feature", "properties": { "city": "Paris", "type": "station", "x": 48.8482705, "y": 2.3958306, "gid": 4526, "Name": "Nation" }, "geometry": { "type": "Point", "coordinates": [ 2.3958306, 48.8482705 ] } },
{ "type": "Feature", "properties": { "city": "Paris", "type": "station", "x": 48.8332293, "y": 2.362847, "gid": 4604, "Name": "Nationale" }, "geometry": { "type": "Point", "coordinates": [ 2.362847, 48.8332293 ] } },
{ "type": "Feature", "properties": { "city": "Paris", "type": "station", "x": 48.8780667, "y": 2.2846161, "gid": 4839, "Name": "Neuilly - Porte Maillot" }, "geometry": { "type": "Point", "coordinates": [ 2.2846161, 48.8780667 ] } },
{ "type": "Feature", "properties": { "city": "Paris", "type": "station", "x": 48.8351671, "y": 2.4718177, "gid": 4463, "Name": "Nogent-sur-Marne" }, "geometry": { "type": "Point", "coordinates": [ 2.4718177, 48.8351671 ] } },
{ "type": "Feature", "properties": { "city": "Paris", "type": "tramstop", "x": 48.8958693, "y": 2.46023, "gid": 19211, "Name": "Noisy le Sec - Gare" }, "geometry": { "type": "Point", "coordinates": [ 2.46023, 48.8958693 ] } },
{ "type": "Feature", "properties": { "city": "Paris", "type": "station", "x": 48.8965358, "y": 2.4597443, "gid": 4467, "Name": "Noisy-le-Sec" }, "geometry": { "type": "Point", "coordinates": [ 2.4597443, 48.8965358 ] } },
{ "type": "Feature", "properties": { "city": "Paris", "type": "station", "x": 48.8759935, "y": 2.3385437, "gid": 4694, "Name": "Notre-Dame de Lorette" }, "geometry": { "type": "Point", "coordinates": [ 2.3385437, 48.8759935 ] } },
{ "type": "Feature", "properties": { "city": "Paris", "type": "station", "x": 48.844688, "y": 2.3288305, "gid": 4721, "Name": "Notre-Dame des Champs" }, "geometry": { "type": "Point", "coordinates": [ 2.3288305, 48.844688 ] } },
{ "type": "Feature", "properties": { "city": "Paris", "type": "station", "x": 48.8640529, "y": 2.3694165, "gid": 4582, "Name": "Oberkampf" }, "geometry": { "type": "Point", "coordinates": [ 2.3694165, 48.8640529 ] } },
{ "type": "Feature", "properties": { "city": "Paris", "type": "station", "x": 48.8522428, "y": 2.3393369, "gid": 4691, "Name": "Odéon" }, "geometry": { "type": "Point", "coordinates": [ 2.3393369, 48.8522428 ] } },
{ "type": "Feature", "properties": { "city": "Paris", "type": "station", "x": 48.8270448, "y": 2.3664175, "gid": 4594, "Name": "Olympiades" }, "geometry": { "type": "Point", "coordinates": [ 2.3664175, 48.8270448 ] } },
{ "type": "Feature", "properties": { "city": "Paris", "type": "station", "x": 48.8706446, "y": 2.33233, "gid": 4712, "Name": "Opéra" }, "geometry": { "type": "Point", "coordinates": [ 2.33233, 48.8706446 ] } },
{ "type": "Feature", "properties": { "city": "Paris", "type": "station", "x": 48.8870772, "y": 2.38664, "gid": 4544, "Name": "Ourcq" }, "geometry": { "type": "Point", "coordinates": [ 2.38664, 48.8870772 ] } },
{ "type": "Feature", "properties": { "city": "Paris", "type": "tramstop", "x": 48.9566737, "y": 2.3431131, "gid": 19373, "Name": "Pablo Neruda" }, "geometry": { "type": "Point", "coordinates": [ 2.3431131, 48.9566737 ] } },
{ "type": "Feature", "properties": { "city": "Paris", "type": "station", "x": 48.8624906, "y": 2.3360431, "gid": 4701, "Name": "Palais Royal - Musée du Louvre" }, "geometry": { "type": "Point", "coordinates": [ 2.3360431, 48.8624906 ] } },
{ "type": "Feature", "properties": { "city": "Paris", "type": "station", "x": 48.8979517, "y": 2.4004902, "gid": 4519, "Name": "Pantin" }, "geometry": { "type": "Point", "coordinates": [ 2.4004902, 48.8979517 ] } },
{ "type": "Feature", "properties": { "city": "Paris", "type": "tramstop", "x": 48.9339277, "y": 2.313032, "gid": 19445, "Name": "Parc des Chanteraines" }, "geometry": { "type": "Point", "coordinates": [ 2.313032, 48.9339277 ] } },
{ "type": "Feature", "properties": { "city": "Paris", "type": "station", "x": 48.8804003, "y": 2.3549733, "gid": 4631, "Name": "Paris Gare du Nord" }, "geometry": { "type": "Point", "coordinates": [ 2.3549733, 48.8804003 ] } },
{ "type": "Feature", "properties": { "city": "Paris", "type": "station", "x": 48.8391964, "y": 2.382849, "gid": 4553, "Name": "Paris-Bercy - Bourgogne-Pays d'Auvergne" }, "geometry": { "type": "Point", "coordinates": [ 2.382849, 48.8391964 ] } },
{ "type": "Feature", "properties": { "city": "Paris", "type": "station", "x": 48.8653786, "y": 2.3739112, "gid": 4571, "Name": "Parmentier" }, "geometry": { "type": "Point", "coordinates": [ 2.3739112, 48.8653786 ] } },
{ "type": "Feature", "properties": { "city": "Paris", "type": "station", "x": 48.8575009, "y": 2.285778, "gid": 4836, "Name": "Passy" }, "geometry": { "type": "Point", "coordinates": [ 2.285778, 48.8575009 ] } },
{ "type": "Feature", "properties": { "city": "Paris", "type": "station", "x": 48.8429314, "y": 2.3125908, "gid": 4773, "Name": "Pasteur" }, "geometry": { "type": "Point", "coordinates": [ 2.3125908, 48.8429314 ] } },
{ "type": "Feature", "properties": { "city": "Paris", "type": "tramstop", "x": 48.9396849, "y": 2.3451838, "gid": 19293, "Name": "Paul Éluard" }, "geometry": { "type": "Point", "coordinates": [ 2.3451838, 48.9396849 ] } },
{ "type": "Feature", "properties": { "city": "Paris", "type": "station", "x": 48.8680997, "y": 2.4013152, "gid": 4516, "Name": "Pelleport" }, "geometry": { "type": "Point", "coordinates": [ 2.4013152, 48.8680997 ] } },
{ "type": "Feature", "properties": { "city": "Paris", "type": "station", "x": 48.8629496, "y": 2.3874348, "gid": 4542, "Name": "Père Lachaise" }, "geometry": { "type": "Point", "coordinates": [ 2.3874348, 48.8629496 ] } },
{ "type": "Feature", "properties": { "city": "Paris", "type": "station", "x": 48.8848146, "y": 2.2982736, "gid": 4803, "Name": "Pereire" }, "geometry": { "type": "Point", "coordinates": [ 2.2982736, 48.8848146 ] } },
{ "type": "Feature", "properties": { "city": "Paris", "type": "station", "x": 48.8855014, "y": 2.2981866, "gid": 4805, "Name": "Pereire - Levallois" }, "geometry": { "type": "Point", "coordinates": [ 2.2981866, 48.8855014 ] } },
{ "type": "Feature", "properties": { "city": "Paris", "type": "station", "x": 48.8340019, "y": 2.3181769, "gid": 4755, "Name": "Pernety" }, "geometry": { "type": "Point", "coordinates": [ 2.3181769, 48.8340019 ] } },
{ "type": "Feature", "properties": { "city": "Paris", "type": "tramstop", "x": 48.9001388, "y": 2.4650963, "gid": 19215, "Name": "Petit Noisy" }, "geometry": { "type": "Point", "coordinates": [ 2.4650963, 48.9001388 ] } },
{ "type": "Feature", "properties": { "city": "Paris", "type": "tramstop", "x": 48.9528067, "y": 2.3580194, "gid": 19179, "Name": "Petit Pierrefitte" }, "geometry": { "type": "Point", "coordinates": [ 2.3580194, 48.9528067 ] } },
{ "type": "Feature", "properties": { "city": "Paris", "type": "station", "x": 48.8582563, "y": 2.3901666, "gid": 4537, "Name": "Philippe Auguste" }, "geometry": { "type": "Point", "coordinates": [ 2.3901666, 48.8582563 ] } },
{ "type": "Feature", "properties": { "city": "Paris", "type": "station", "x": 48.8450751, "y": 2.40108, "gid": 4517, "Name": "Picpus" }, "geometry": { "type": "Point", "coordinates": [ 2.40108, 48.8450751 ] } },
{ "type": "Feature", "properties": { "city": "Paris", "type": "tramstop", "x": 48.9319182, "y": 2.3528651, "gid": 19296, "Name": "Pierre de Geyter" }, "geometry": { "type": "Point", "coordinates": [ 2.3528651, 48.9319182 ] } },
{ "type": "Feature", "properties": { "city": "Paris", "type": "station", "x": 48.8159011, "y": 2.3773455, "gid": 4562, "Name": "Pierre et Marie Curie" }, "geometry": { "type": "Point", "coordinates": [ 2.3773455, 48.8159011 ] } },
{ "type": "Feature", "properties": { "city": "Paris", "type": "station", "x": 48.9601326, "y": 2.3673945, "gid": 4589, "Name": "Pierrefitte - Stains" }, "geometry": { "type": "Point", "coordinates": [ 2.3673945, 48.9601326 ] } },
{ "type": "Feature", "properties": { "city": "Paris", "type": "tramstop", "x": 48.9600992, "y": 2.3668607, "gid": 19313, "Name": "Pierrefitte-Stains" }, "geometry": { "type": "Point", "coordinates": [ 2.3668607, 48.9600992 ] } },
{ "type": "Feature", "properties": { "city": "Paris", "type": "station", "x": 48.8822775, "y": 2.3381228, "gid": 4696, "Name": "Pigalle" }, "geometry": { "type": "Point", "coordinates": [ 2.3381228, 48.8822775 ] } },
{ "type": "Feature", "properties": { "city": "Paris", "type": "station", "x": 48.8834466, "y": 2.3272634, "gid": 4728, "Name": "Place de Clichy" }, "geometry": { "type": "Point", "coordinates": [ 2.3272634, 48.8834466 ] } },
{ "type": "Feature", "properties": { "city": "Paris", "type": "station", "x": 48.8767737, "y": 2.3935636, "gid": 4529, "Name": "Place des Fêtes" }, "geometry": { "type": "Point", "coordinates": [ 2.3935636, 48.8767737 ] } },
{ "type": "Feature", "properties": { "city": "Paris", "type": "station", "x": 48.8308786, "y": 2.3558807, "gid": 4630, "Name": "Place d'Italie" }, "geometry": { "type": "Point", "coordinates": [ 2.3558807, 48.8308786 ] } },
{ "type": "Feature", "properties": { "city": "Paris", "type": "station", "x": 48.8429053, "y": 2.3522772, "gid": 4639, "Name": "Place Monge" }, "geometry": { "type": "Point", "coordinates": [ 2.3522772, 48.8429053 ] } },
{ "type": "Feature", "properties": { "city": "Paris", "type": "station", "x": 48.834454446793814, "y": 2.4717473172829294, "gid": 11885, "Name": "Placemark" }, "geometry": { "type": "Point", "coordinates": [ 2.471747317282929, 48.834454446793814 ] } },
{ "type": "Feature", "properties": { "city": "Paris", "type": "station", "x": 48.8317799, "y": 2.3140252, "gid": 4766, "Name": "Plaisance" }, "geometry": { "type": "Point", "coordinates": [ 2.3140252, 48.8317799 ] } },
{ "type": "Feature", "properties": { "city": "Paris", "type": "station", "x": 48.8771197, "y": 2.3487446, "gid": 4650, "Name": "Poissonnière" }, "geometry": { "type": "Point", "coordinates": [ 2.3487446, 48.8771197 ] } },
{ "type": "Feature", "properties": { "city": "Paris", "type": "tramstop", "x": 48.9046938, "y": 2.4699752, "gid": 19212, "Name": "Pont de Bondy" }, "geometry": { "type": "Point", "coordinates": [ 2.4699752, 48.9046938 ] } },
{ "type": "Feature", "properties": { "city": "Paris", "type": "station", "x": 48.862527, "y": 2.3000067, "gid": 4800, "Name": "Pont de l'Alma" }, "geometry": { "type": "Point", "coordinates": [ 2.3000067, 48.862527 ] } },
{ "type": "Feature", "properties": { "city": "Paris", "type": "station", "x": 48.8971408, "y": 2.2803973, "gid": 4844, "Name": "Pont de Levallois – Bécon" }, "geometry": { "type": "Point", "coordinates": [ 2.2803973, 48.8971408 ] } },
{ "type": "Feature", "properties": { "city": "Paris", "type": "station", "x": 48.884649814618747, "y": 2.2604331200856698, "gid": 11884, "Name": "Pont de Neuilly" }, "geometry": { "type": "Point", "coordinates": [ 2.26043312008567, 48.884649814618747 ] } },
{ "type": "Feature", "properties": { "city": "Paris", "type": "tramstop", "x": 48.8379466, "y": 2.2714581, "gid": 19161, "Name": "Pont du Garigliano (Hôpital Européen Georges-Pompidou)" }, "geometry": { "type": "Point", "coordinates": [ 2.2714581, 48.8379466 ] } },
{ "type": "Feature", "properties": { "city": "Paris", "type": "station", "x": 48.8393018, "y": 2.2706619, "gid": 4864, "Name": "Pont du Garigliano-Hôpital Européen Georges-Pompidou" }, "geometry": { "type": "Point", "coordinates": [ 2.2706619, 48.8393018 ] } },
{ "type": "Feature", "properties": { "city": "Paris", "type": "station", "x": 48.8537872, "y": 2.3565905, "gid": 4626, "Name": "Pont Marie" }, "geometry": { "type": "Point", "coordinates": [ 2.3565905, 48.8537872 ] } },
{ "type": "Feature", "properties": { "city": "Paris", "type": "station", "x": 48.8585776, "y": 2.3422202, "gid": 4673, "Name": "Pont Neuf" }, "geometry": { "type": "Point", "coordinates": [ 2.3422202, 48.8585776 ] } },
{ "type": "Feature", "properties": { "city": "Paris", "type": "station", "x": 48.887991, "y": 2.3138236, "gid": 4769, "Name": "Pont-Cardinet" }, "geometry": { "type": "Point", "coordinates": [ 2.3138236, 48.887991 ] } },
{ "type": "Feature", "properties": { "city": "Paris", "type": "station", "x": 48.8400137, "y": 2.3370805, "gid": 4699, "Name": "Port Royal" }, "geometry": { "type": "Point", "coordinates": [ 2.3370805, 48.8400137 ] } },
{ "type": "Feature", "properties": { "city": "Paris", "type": "tramstop", "x": 48.8985886, "y": 2.3693462, "gid": 19247, "Name": "Porte d'Aubervilliers" }, "geometry": { "type": "Point", "coordinates": [ 2.3693462, 48.8985886 ] } },
{ "type": "Feature", "properties": { "city": "Paris", "type": "station", "x": 48.871318, "y": 2.2777713, "gid": 4850, "Name": "Porte Dauphine" }, "geometry": { "type": "Point", "coordinates": [ 2.2777713, 48.871318 ] } },
{ "type": "Feature", "properties": { "city": "Paris", "type": "station", "x": 48.8479478, "y": 2.2586493, "gid": 4879, "Name": "Porte d'Auteuil" }, "geometry": { "type": "Point", "coordinates": [ 2.2586493, 48.8479478 ] } },
{ "type": "Feature", "properties": { "city": "Paris", "type": "station", "x": 48.8646027, "y": 2.407183, "gid": 4504, "Name": "Porte de Bagnolet" }, "geometry": { "type": "Point", "coordinates": [ 2.407183, 48.8646027 ] } },
{ "type": "Feature", "properties": { "city": "Paris", "type": "tramstop", "x": 48.8634463, "y": 2.4088311, "gid": 19258, "Name": "Porte de Bagnolet" }, "geometry": { "type": "Point", "coordinates": [ 2.4088311, 48.8634463 ] } },
{ "type": "Feature", "properties": { "city": "Paris", "type": "station", "x": 48.8859272, "y": 2.2934906, "gid": 4819, "Name": "Porte de Champerret" }, "geometry": { "type": "Point", "coordinates": [ 2.2934906, 48.8859272 ] } },
{ "type": "Feature", "properties": { "city": "Paris", "type": "station", "x": 48.8322315, "y": 2.3990408, "gid": 4522, "Name": "Porte de Charenton" }, "geometry": { "type": "Point", "coordinates": [ 2.3990408, 48.8322315 ] } },
{ "type": "Feature", "properties": { "city": "Paris", "type": "station", "x": 48.8201241, "y": 2.3647858, "gid": 4600, "Name": "Porte de Choisy" }, "geometry": { "type": "Point", "coordinates": [ 2.3647858, 48.8201241 ] } },
{ "type": "Feature", "properties": { "city": "Paris", "type": "tramstop", "x": 48.8198178, "y": 2.3643776, "gid": 19150, "Name": "Porte de Choisy" }, "geometry": { "type": "Point", "coordinates": [ 2.3643776, 48.8198178 ] } },
{ "type": "Feature", "properties": { "city": "Paris", "type": "station", "x": 48.8940816, "y": 2.3151144, "gid": 4760, "Name": "Porte de Clichy" }, "geometry": { "type": "Point", "coordinates": [ 2.3151144, 48.8940816 ] } },
{ "type": "Feature", "properties": { "city": "Paris", "type": "tramstop", "x": 48.8946337, "y": 2.3142688, "gid": 19371, "Name": "Porte de Clichy - Tribunal de Paris" }, "geometry": { "type": "Point", "coordinates": [ 2.3142688, 48.8946337 ] } },
{ "type": "Feature", "properties": { "city": "Paris", "type": "station", "x": 48.8973976, "y": 2.3448521, "gid": 4660, "Name": "Porte de Clignancourt" }, "geometry": { "type": "Point", "coordinates": [ 2.3448521, 48.8973976 ] } },
{ "type": "Feature", "properties": { "city": "Paris", "type": "tramstop", "x": 48.8980436, "y": 2.3451453, "gid": 19368, "Name": "Porte de Clignancourt - Puces de Saint-Ouen" }, "geometry": { "type": "Point", "coordinates": [ 2.3451453, 48.8980436 ] } },
{ "type": "Feature", "properties": { "city": "Paris", "type": "station", "x": 48.8977035, "y": 2.3594563, "gid": 4616, "Name": "Porte de la Chapelle" }, "geometry": { "type": "Point", "coordinates": [ 2.3594563, 48.8977035 ] } },
{ "type": "Feature", "properties": { "city": "Paris", "type": "station", "x": 48.8974039, "y": 2.385591, "gid": 4546, "Name": "Porte de la Villette" }, "geometry": { "type": "Point", "coordinates": [ 2.385591, 48.8974039 ] } },
{ "type": "Feature", "properties": { "city": "Paris", "type": "tramstop", "x": 48.897411, "y": 2.386869, "gid": 19261, "Name": "Porte de la Villette" }, "geometry": { "type": "Point", "coordinates": [ 2.386869, 48.897411 ] } },
{ "type": "Feature", "properties": { "city": "Paris", "type": "station", "x": 48.8535248, "y": 2.4106511, "gid": 4501, "Name": "Porte de Montreuil" }, "geometry": { "type": "Point", "coordinates": [ 2.4106511, 48.8535248 ] } },
{ "type": "Feature", "properties": { "city": "Paris", "type": "tramstop", "x": 48.8530112, "y": 2.4107341, "gid": 19259, "Name": "Porte de Montreuil" }, "geometry": { "type": "Point", "coordinates": [ 2.4107341, 48.8530112 ] } },
{ "type": "Feature", "properties": { "city": "Paris", "type": "station", "x": 48.8886574, "y": 2.3926771, "gid": 4531, "Name": "Porte de Pantin" }, "geometry": { "type": "Point", "coordinates": [ 2.3926771, 48.8886574 ] } },
{ "type": "Feature", "properties": { "city": "Paris", "type": "tramstop", "x": 48.8890047, "y": 2.3956842, "gid": 19118, "Name": "Porte de Pantin - Parc de la Villette" }, "geometry": { "type": "Point", "coordinates": [ 2.3956842, 48.8890047 ] } },
{ "type": "Feature", "properties": { "city": "Paris", "type": "station", "x": 48.8377707, "y": 2.2565741, "gid": 4883, "Name": "Porte de Saint-Cloud" }, "geometry": { "type": "Point", "coordinates": [ 2.2565741, 48.8377707 ] } },
{ "type": "Feature", "properties": { "city": "Paris", "type": "station", "x": 48.8971883, "y": 2.328869, "gid": 4720, "Name": "Porte de Saint-Ouen" }, "geometry": { "type": "Point", "coordinates": [ 2.328869, 48.8971883 ] } },
{ "type": "Feature", "properties": { "city": "Paris", "type": "tramstop", "x": 48.8976513, "y": 2.3297657, "gid": 19366, "Name": "Porte de Saint-Ouen" }, "geometry": { "type": "Point", "coordinates": [ 2.3297657, 48.8976513 ] } },
{ "type": "Feature", "properties": { "city": "Paris", "type": "station", "x": 48.827676, "y": 2.3054796, "gid": 4789, "Name": "Porte de Vanves" }, "geometry": { "type": "Point", "coordinates": [ 2.3054796, 48.827676 ] } },
{ "type": "Feature", "properties": { "city": "Paris", "type": "tramstop", "x": 48.8274114, "y": 2.3066476, "gid": 19156, "Name": "Porte de Vanves" }, "geometry": { "type": "Point", "coordinates": [ 2.3066476, 48.8274114 ] } },
{ "type": "Feature", "properties": { "city": "Paris", "type": "station", "x": 48.8324338, "y": 2.2879537, "gid": 4829, "Name": "Porte de Versailles" }, "geometry": { "type": "Point", "coordinates": [ 2.2879537, 48.8324338 ] } },
{ "type": "Feature", "properties": { "city": "Paris", "type": "tramstop", "x": 48.8325119, "y": 2.288409, "gid": 19158, "Name": "Porte de Versailles" }, "geometry": { "type": "Point", "coordinates": [ 2.288409, 48.8325119 ] } },
{ "type": "Feature", "properties": { "city": "Paris", "type": "station", "x": 48.8473335, "y": 2.4080861, "gid": 4503, "Name": "Porte de Vincennes" }, "geometry": { "type": "Point", "coordinates": [ 2.4080861, 48.8473335 ] } },
{ "type": "Feature", "properties": { "city": "Paris", "type": "tramstop", "x": 48.8474346, "y": 2.409362, "gid": 19260, "Name": "Porte de Vincennes" }, "geometry": { "type": "Point", "coordinates": [ 2.409362, 48.8474346 ] } },
{ "type": "Feature", "properties": { "city": "Paris", "type": "station", "x": 48.8769658, "y": 2.4064184, "gid": 4505, "Name": "Porte des Lilas" }, "geometry": { "type": "Point", "coordinates": [ 2.4064184, 48.8769658 ] } },
{ "type": "Feature", "properties": { "city": "Paris", "type": "tramstop", "x": 48.8316459, "y": 2.2816669, "gid": 19343, "Name": "Porte d'Issy" }, "geometry": { "type": "Point", "coordinates": [ 2.2816669, 48.8316459 ] } },
{ "type": "Feature", "properties": { "city": "Paris", "type": "station", "x": 48.8190866, "y": 2.359533, "gid": 4615, "Name": "Porte d'Italie" }, "geometry": { "type": "Point", "coordinates": [ 2.359533, 48.8190866 ] } },
{ "type": "Feature", "properties": { "city": "Paris", "type": "tramstop", "x": 48.8190521, "y": 2.3599963, "gid": 19152, "Name": "Porte d'Italie" }, "geometry": { "type": "Point", "coordinates": [ 2.3599963, 48.8190521 ] } },
{ "type": "Feature", "properties": { "city": "Paris", "type": "station", "x": 48.8216035, "y": 2.3693411, "gid": 4583, "Name": "Porte d'Ivry" }, "geometry": { "type": "Point", "coordinates": [ 2.3693411, 48.8216035 ] } },
{ "type": "Feature", "properties": { "city": "Paris", "type": "tramstop", "x": 48.8218255, "y": 2.3700436, "gid": 19257, "Name": "Porte d'Ivry" }, "geometry": { "type": "Point", "coordinates": [ 2.3700436, 48.8218255 ] } },
{ "type": "Feature", "properties": { "city": "Paris", "type": "station", "x": 48.8352765, "y": 2.4061775, "gid": 4507, "Name": "Porte Dorée" }, "geometry": { "type": "Point", "coordinates": [ 2.4061775, 48.8352765 ] } },
{ "type": "Feature", "properties": { "city": "Paris", "type": "tramstop", "x": 48.8355229, "y": 2.406662, "gid": 19181, "Name": "Porte Dorée" }, "geometry": { "type": "Point", "coordinates": [ 2.406662, 48.8355229 ] } },
{ "type": "Feature", "properties": { "city": "Paris", "type": "station", "x": 48.8236353, "y": 2.3256519, "gid": 4735, "Name": "Porte d'Orléans" }, "geometry": { "type": "Point", "coordinates": [ 2.3256519, 48.8236353 ] } },
{ "type": "Feature", "properties": { "city": "Paris", "type": "tramstop", "x": 48.8229005, "y": 2.3265431, "gid": 19116, "Name": "Porte d'Orléans" }, "geometry": { "type": "Point", "coordinates": [ 2.3265431, 48.8229005 ] } },
{ "type": "Feature", "properties": { "city": "Paris", "type": "station", "x": 48.8779379, "y": 2.2819557, "gid": 4842, "Name": "Porte Maillot" }, "geometry": { "type": "Point", "coordinates": [ 2.2819557, 48.8779379 ] } },
{ "type": "Feature", "properties": { "city": "Paris", "type": "tramstop", "x": 48.8208647, "y": 2.352039, "gid": 19153, "Name": "Poterne des Peupliers" }, "geometry": { "type": "Point", "coordinates": [ 2.352039, 48.8208647 ] } },
{ "type": "Feature", "properties": { "city": "Paris", "type": "station", "x": 48.8799345, "y": 2.3990632, "gid": 4520, "Name": "Pré Saint-Gervais" }, "geometry": { "type": "Point", "coordinates": [ 2.3990632, 48.8799345 ] } },
{ "type": "Feature", "properties": { "city": "Paris", "type": "station", "x": 48.8834223, "y": 2.2337075, "gid": 4903, "Name": "Puteaux" }, "geometry": { "type": "Point", "coordinates": [ 2.2337075, 48.8834223 ] } },
{ "type": "Feature", "properties": { "city": "Paris", "type": "tramstop", "x": 48.8832551, "y": 2.2338242, "gid": 19107, "Name": "Puteaux" }, "geometry": { "type": "Point", "coordinates": [ 2.2338242, 48.8832551 ] } },
{ "type": "Feature", "properties": { "city": "Paris", "type": "station", "x": 48.8657452, "y": 2.3344687, "gid": 4704, "Name": "Pyramides" }, "geometry": { "type": "Point", "coordinates": [ 2.3344687, 48.8657452 ] } },
{ "type": "Feature", "properties": { "city": "Paris", "type": "station", "x": 48.8738565, "y": 2.3852638, "gid": 4548, "Name": "Pyrénées" }, "geometry": { "type": "Point", "coordinates": [ 2.3852638, 48.8738565 ] } },
{ "type": "Feature", "properties": { "city": "Paris", "type": "station", "x": 48.8370598, "y": 2.3728539, "gid": 4575, "Name": "Quai de la Gare" }, "geometry": { "type": "Point", "coordinates": [ 2.3728539, 48.8370598 ] } },
{ "type": "Feature", "properties": { "city": "Paris", "type": "station", "x": 48.8464943, "y": 2.3658953, "gid": 4598, "Name": "Quai de la Rapée" }, "geometry": { "type": "Point", "coordinates": [ 2.3658953, 48.8464943 ] } },
{ "type": "Feature", "properties": { "city": "Paris", "type": "station", "x": 48.8695954, "y": 2.3359026, "gid": 4702, "Name": "Quatre Septembre" }, "geometry": { "type": "Point", "coordinates": [ 2.3359026, 48.8695954 ] } },
{ "type": "Feature", "properties": { "city": "Paris", "type": "station", "x": 48.86178, "y": 2.353809, "gid": 4634, "Name": "Rambuteau" }, "geometry": { "type": "Point", "coordinates": [ 2.353809, 48.86178 ] } },
{ "type": "Feature", "properties": { "city": "Paris", "type": "station", "x": 48.8555764, "y": 2.2702166, "gid": 4865, "Name": "Ranelagh" }, "geometry": { "type": "Point", "coordinates": [ 2.2702166, 48.8555764 ] } },
{ "type": "Feature", "properties": { "city": "Paris", "type": "station", "x": 48.8389619, "y": 2.3307591, "gid": 4714, "Name": "Raspail" }, "geometry": { "type": "Point", "coordinates": [ 2.3307591, 48.8389619 ] } },
{ "type": "Feature", "properties": { "city": "Paris", "type": "station", "x": 48.8662481, "y": 2.3526084, "gid": 4638, "Name": "Réaumur - Sébastopol" }, "geometry": { "type": "Point", "coordinates": [ 2.3526084, 48.8662481 ] } },
{ "type": "Feature", "properties": { "city": "Paris", "type": "tramstop", "x": 48.8930277, "y": 2.4882722, "gid": 19108, "Name": "Remise à Jorelle" }, "geometry": { "type": "Point", "coordinates": [ 2.4882722, 48.8930277 ] } },
{ "type": "Feature", "properties": { "city": "Paris", "type": "station", "x": 48.8481424, "y": 2.3278065, "gid": 4725, "Name": "Rennes" }, "geometry": { "type": "Point", "coordinates": [ 2.3278065, 48.8481424 ] } },
{ "type": "Feature", "properties": { "city": "Paris", "type": "station", "x": 48.8676215, "y": 2.3637014, "gid": 4603, "Name": "République" }, "geometry": { "type": "Point", "coordinates": [ 2.3637014, 48.8676215 ] } },
{ "type": "Feature", "properties": { "city": "Paris", "type": "station", "x": 48.8473591, "y": 2.3868055, "gid": 4543, "Name": "Reuilly — Diderot" }, "geometry": { "type": "Point", "coordinates": [ 2.3868055, 48.8473591 ] } },
{ "type": "Feature", "properties": { "city": "Paris", "type": "station", "x": 48.8602134, "y": 2.3720741, "gid": 4577, "Name": "Richard Lenoir" }, "geometry": { "type": "Point", "coordinates": [ 2.3720741, 48.8602134 ] } },
{ "type": "Feature", "properties": { "city": "Paris", "type": "station", "x": 48.8718846, "y": 2.3396056, "gid": 4690, "Name": "Richelieu Drouot" }, "geometry": { "type": "Point", "coordinates": [ 2.3396056, 48.8718846 ] } },
{ "type": "Feature", "properties": { "city": "Paris", "type": "station", "x": 48.8884812, "y": 2.3742226, "gid": 4569, "Name": "Riquet" }, "geometry": { "type": "Point", "coordinates": [ 2.3742226, 48.8884812 ] } },
{ "type": "Feature", "properties": { "city": "Paris", "type": "station", "x": 48.8558145, "y": 2.4237108, "gid": 4490, "Name": "Robespierre" }, "geometry": { "type": "Point", "coordinates": [ 2.4237108, 48.8558145 ] } },
{ "type": "Feature", "properties": { "city": "Paris", "type": "tramstop", "x": 48.9449415, "y": 2.3570418, "gid": 19135, "Name": "Roger Sémat" }, "geometry": { "type": "Point", "coordinates": [ 2.3570418, 48.9449415 ] } },
{ "type": "Feature", "properties": { "city": "Paris", "type": "station", "x": 48.8822428, "y": 2.3213306, "gid": 4748, "Name": "Rome" }, "geometry": { "type": "Point", "coordinates": [ 2.3213306, 48.8822428 ] } },
{ "type": "Feature", "properties": { "city": "Paris", "type": "station", "x": 48.8964348, "y": 2.374092, "gid": 4570, "Name": "Rosa Parks" }, "geometry": { "type": "Point", "coordinates": [ 2.374092, 48.8964348 ] } },
{ "type": "Feature", "properties": { "city": "Paris", "type": "tramstop", "x": 48.8975713, "y": 2.3730829, "gid": 19246, "Name": "Rosa Parks" }, "geometry": { "type": "Point", "coordinates": [ 2.3730829, 48.8975713 ] } },
{ "type": "Feature", "properties": { "city": "Paris", "type": "tramstop", "x": 48.9531223, "y": 2.315503, "gid": 19240, "Name": "Rose Bertin - Centre Commercial L'Ilo" }, "geometry": { "type": "Point", "coordinates": [ 2.315503, 48.9531223 ] } },
{ "type": "Feature", "properties": { "city": "Paris", "type": "station", "x": 48.8825092, "y": 2.4812324, "gid": 4460, "Name": "Rosny - Bois-Perrier" }, "geometry": { "type": "Point", "coordinates": [ 2.4812324, 48.8825092 ] } },
{ "type": "Feature", "properties": { "city": "Paris", "type": "station", "x": 48.8706577, "y": 2.4859002, "gid": 4459, "Name": "Rosny-sous-Bois" }, "geometry": { "type": "Point", "coordinates": [ 2.4859002, 48.8706577 ] } },
{ "type": "Feature", "properties": { "city": "Paris", "type": "station", "x": 48.8640416, "y": 2.2780752, "gid": 4849, "Name": "Rue de la Pompe" }, "geometry": { "type": "Point", "coordinates": [ 2.2780752, 48.8640416 ] } },
{ "type": "Feature", "properties": { "city": "Paris", "type": "station", "x": 48.8525808, "y": 2.3887914, "gid": 4540, "Name": "Rue des Boulets" }, "geometry": { "type": "Point", "coordinates": [ 2.3887914, 48.8525808 ] } },
{ "type": "Feature", "properties": { "city": "Paris", "type": "station", "x": 48.8551812, "y": 2.3257736, "gid": 4734, "Name": "Rue du Bac" }, "geometry": { "type": "Point", "coordinates": [ 2.3257736, 48.8551812 ] } },
{ "type": "Feature", "properties": { "city": "Paris", "type": "station", "x": 48.8643338, "y": 2.3794812, "gid": 4559, "Name": "Rue Saint-Maur" }, "geometry": { "type": "Point", "coordinates": [ 2.3794812, 48.8643338 ] } },
{ "type": "Feature", "properties": { "city": "Paris", "type": "station", "x": 48.8610516, "y": 2.3747956, "gid": 4567, "Name": "Saint-Ambroise" }, "geometry": { "type": "Point", "coordinates": [ 2.3747956, 48.8610516 ] } },
{ "type": "Feature", "properties": { "city": "Paris", "type": "station", "x": 48.8744582, "y": 2.3218162, "gid": 4747, "Name": "Saint-Augustin" }, "geometry": { "type": "Point", "coordinates": [ 2.3218162, 48.8744582 ] } },
{ "type": "Feature", "properties": { "city": "Paris", "type": "station", "x": 48.935061, "y": 2.3454394, "gid": 4658, "Name": "Saint-Denis" }, "geometry": { "type": "Point", "coordinates": [ 2.3454394, 48.935061 ] } },
{ "type": "Feature", "properties": { "city": "Paris", "type": "tramstop", "x": 48.9353865, "y": 2.3477115, "gid": 19287, "Name": "Saint-Denis - Gare" }, "geometry": { "type": "Point", "coordinates": [ 2.3477115, 48.9353865 ] } },
{ "type": "Feature", "properties": { "city": "Paris", "type": "station", "x": 48.9299051, "y": 2.3562136, "gid": 4628, "Name": "Saint-Denis - Porte de Paris" }, "geometry": { "type": "Point", "coordinates": [ 2.3562136, 48.9299051 ] } },
{ "type": "Feature", "properties": { "city": "Paris", "type": "tramstop", "x": 48.9298262, "y": 2.3570618, "gid": 19232, "Name": "Saint-Denis - Porte de Paris" }, "geometry": { "type": "Point", "coordinates": [ 2.3570618, 48.9298262 ] } },
{ "type": "Feature", "properties": { "city": "Paris", "type": "station", "x": 48.9458661, "y": 2.3646538, "gid": 4601, "Name": "Saint-Denis - Université" }, "geometry": { "type": "Point", "coordinates": [ 2.3646538, 48.9458661 ] } },
{ "type": "Feature", "properties": { "city": "Paris", "type": "tramstop", "x": 48.9361292, "y": 2.3463336, "gid": 19336, "Name": "Saint-Denis-Gare" }, "geometry": { "type": "Point", "coordinates": [ 2.3463336, 48.9361292 ] } },
{ "type": "Feature", "properties": { "city": "Paris", "type": "station", "x": 48.8715218, "y": 2.4043104, "gid": 4509, "Name": "Saint-Fargeau" }, "geometry": { "type": "Point", "coordinates": [ 2.4043104, 48.8715218 ] } },
{ "type": "Feature", "properties": { "city": "Paris", "type": "station", "x": 48.851398, "y": 2.3144012, "gid": 4765, "Name": "Saint-François-Xavier" }, "geometry": { "type": "Point", "coordinates": [ 2.3144012, 48.851398 ] } },
{ "type": "Feature", "properties": { "city": "Paris", "type": "station", "x": 48.8784469, "y": 2.337458, "gid": 4698, "Name": "Saint-Georges" }, "geometry": { "type": "Point", "coordinates": [ 2.337458, 48.8784469 ] } },
{ "type": "Feature", "properties": { "city": "Paris", "type": "station", "x": 48.853638, "y": 2.3344604, "gid": 4705, "Name": "Saint-Germain-des-Prés" }, "geometry": { "type": "Point", "coordinates": [ 2.3344604, 48.853638 ] } },
{ "type": "Feature", "properties": { "city": "Paris", "type": "station", "x": 48.8330168, "y": 2.3366295, "gid": 4700, "Name": "Saint-Jacques" }, "geometry": { "type": "Point", "coordinates": [ 2.3366295, 48.8330168 ] } },
{ "type": "Feature", "properties": { "city": "Paris", "type": "station", "x": 48.8754153, "y": 2.3253531, "gid": 4736, "Name": "Saint-Lazare" }, "geometry": { "type": "Point", "coordinates": [ 2.3253531, 48.8754153 ] } },
{ "type": "Feature", "properties": { "city": "Paris", "type": "station", "x": 48.846435, "y": 2.4184422, "gid": 4492, "Name": "Saint-Mandé" }, "geometry": { "type": "Point", "coordinates": [ 2.4184422, 48.846435 ] } },
{ "type": "Feature", "properties": { "city": "Paris", "type": "station", "x": 48.8382761, "y": 2.3608491, "gid": 4609, "Name": "Saint-Marcel" }, "geometry": { "type": "Point", "coordinates": [ 2.3608491, 48.8382761 ] } },
{ "type": "Feature", "properties": { "city": "Paris", "type": "station", "x": 48.8533014, "y": 2.3435309, "gid": 4666, "Name": "Saint-Michel" }, "geometry": { "type": "Point", "coordinates": [ 2.3435309, 48.8533014 ] } },
{ "type": "Feature", "properties": { "city": "Paris", "type": "station", "x": 48.8534806, "y": 2.3454363, "gid": 4659, "Name": "Saint-Michel Notre-Dame" }, "geometry": { "type": "Point", "coordinates": [ 2.3454363, 48.8534806 ] } },
{ "type": "Feature", "properties": { "city": "Paris", "type": "station", "x": 48.9053425, "y": 2.3225017, "gid": 4742, "Name": "Saint-Ouen" }, "geometry": { "type": "Point", "coordinates": [ 2.3225017, 48.9053425 ] } },
{ "type": "Feature", "properties": { "city": "Paris", "type": "station", "x": 48.8553789, "y": 2.3603522, "gid": 4612, "Name": "Saint-Paul" }, "geometry": { "type": "Point", "coordinates": [ 2.3603522, 48.8553789 ] } },
{ "type": "Feature", "properties": { "city": "Paris", "type": "station", "x": 48.8723362, "y": 2.3100827, "gid": 4778, "Name": "Saint-Philippe du Roule" }, "geometry": { "type": "Point", "coordinates": [ 2.3100827, 48.8723362 ] } },
{ "type": "Feature", "properties": { "city": "Paris", "type": "station", "x": 48.8471196, "y": 2.3270286, "gid": 4730, "Name": "Saint-Placide" }, "geometry": { "type": "Point", "coordinates": [ 2.3270286, 48.8471196 ] } },
{ "type": "Feature", "properties": { "city": "Paris", "type": "station", "x": 48.8611816, "y": 2.3671925, "gid": 4591, "Name": "Saint-Sébastien - Froissart" }, "geometry": { "type": "Point", "coordinates": [ 2.3671925, 48.8611816 ] } },
{ "type": "Feature", "properties": { "city": "Paris", "type": "station", "x": 48.8511006, "y": 2.3307247, "gid": 4715, "Name": "Saint-Sulpice" }, "geometry": { "type": "Point", "coordinates": [ 2.3307247, 48.8511006 ] } },
{ "type": "Feature", "properties": { "city": "Paris", "type": "station", "x": 48.8470114, "y": 2.3074897, "gid": 4785, "Name": "Ségur" }, "geometry": { "type": "Point", "coordinates": [ 2.3074897, 48.8470114 ] } },
{ "type": "Feature", "properties": { "city": "Paris", "type": "station", "x": 48.8677091, "y": 2.3457466, "gid": 4657, "Name": "Sentier" }, "geometry": { "type": "Point", "coordinates": [ 2.3457466, 48.8677091 ] } },
{ "type": "Feature", "properties": { "city": "Paris", "type": "tramstop", "x": 48.8675037, "y": 2.4089847, "gid": 19264, "Name": "Séverine" }, "geometry": { "type": "Point", "coordinates": [ 2.4089847, 48.8675037 ] } },
{ "type": "Feature", "properties": { "city": "Paris", "type": "station", "x": 48.851378, "y": 2.3269335, "gid": 4731, "Name": "Sèvres-Babylone" }, "geometry": { "type": "Point", "coordinates": [ 2.3269335, 48.851378 ] } },
{ "type": "Feature", "properties": { "city": "Paris", "type": "station", "x": 48.8456163, "y": 2.3095848, "gid": 4780, "Name": "Sèvres-Lecourbe" }, "geometry": { "type": "Point", "coordinates": [ 2.3095848, 48.8456163 ] } },
{ "type": "Feature", "properties": { "city": "Paris", "type": "station", "x": 48.8938481, "y": 2.3478412, "gid": 4652, "Name": "Simplon" }, "geometry": { "type": "Point", "coordinates": [ 2.3478412, 48.8938481 ] } },
{ "type": "Feature", "properties": { "city": "Paris", "type": "station", "x": 48.858657, "y": 2.3229936, "gid": 4741, "Name": "Solférino" }, "geometry": { "type": "Point", "coordinates": [ 2.3229936, 48.858657 ] } },
{ "type": "Feature", "properties": { "city": "Paris", "type": "tramstop", "x": 48.8195528, "y": 2.3460584, "gid": 19361, "Name": "Stade Charléty (Porte de Gentilly)" }, "geometry": { "type": "Point", "coordinates": [ 2.3460584, 48.8195528 ] } },
{ "type": "Feature", "properties": { "city": "Paris", "type": "station", "x": 48.9177, "y": 2.3504824, "gid": 4643, "Name": "Stade de France - Saint-Denis" }, "geometry": { "type": "Point", "coordinates": [ 2.3504824, 48.9177 ] } },
{ "type": "Feature", "properties": { "city": "Paris", "type": "tramstop", "x": 48.9244135, "y": 2.4019679, "gid": 19226, "Name": "Stade Géo André" }, "geometry": { "type": "Point", "coordinates": [ 2.4019679, 48.9244135 ] } },
{ "type": "Feature", "properties": { "city": "Paris", "type": "station", "x": 48.9547289, "y": 2.3917712, "gid": 4533, "Name": "Stains - La Cerisaie" }, "geometry": { "type": "Point", "coordinates": [ 2.3917712, 48.9547289 ] } },
{ "type": "Feature", "properties": { "city": "Paris", "type": "station", "x": 48.8842416, "y": 2.3670741, "gid": 4592, "Name": "Stalingrad" }, "geometry": { "type": "Point", "coordinates": [ 2.3670741, 48.8842416 ] } },
{ "type": "Feature", "properties": { "city": "Paris", "type": "station", "x": 48.8693002, "y": 2.3542855, "gid": 4633, "Name": "Strasbourg - Saint-Denis" }, "geometry": { "type": "Point", "coordinates": [ 2.3542855, 48.8693002 ] } },
{ "type": "Feature", "properties": { "city": "Paris", "type": "station", "x": 48.8513954, "y": 2.3618174, "gid": 4608, "Name": "Sully - Morland" }, "geometry": { "type": "Point", "coordinates": [ 2.3618174, 48.8513954 ] } },
{ "type": "Feature", "properties": { "city": "Paris", "type": "tramstop", "x": 48.8682976, "y": 2.221418, "gid": 19105, "Name": "Suresnes - Longchamp‎" }, "geometry": { "type": "Point", "coordinates": [ 2.221418, 48.8682976 ] } },
{ "type": "Feature", "properties": { "city": "Paris", "type": "station", "x": 48.8715902, "y": 2.2209422, "gid": 4915, "Name": "Suresnes Mont-Valérien" }, "geometry": { "type": "Point", "coordinates": [ 2.2209422, 48.8715902 ] } },
{ "type": "Feature", "properties": { "city": "Paris", "type": "tramstop", "x": 48.8334673, "y": 2.27648, "gid": 19483, "Name": "Suzanne Lenglen" }, "geometry": { "type": "Point", "coordinates": [ 2.27648, 48.8334673 ] } },
{ "type": "Feature", "properties": { "city": "Paris", "type": "tramstop", "x": 48.9592436, "y": 2.3587791, "gid": 19136, "Name": "Suzanne Valadon" }, "geometry": { "type": "Point", "coordinates": [ 2.3587791, 48.9592436 ] } },
{ "type": "Feature", "properties": { "city": "Paris", "type": "station", "x": 48.875525, "y": 2.3990429, "gid": 4521, "Name": "Télégraphe" }, "geometry": { "type": "Point", "coordinates": [ 2.3990429, 48.875525 ] } },
{ "type": "Feature", "properties": { "city": "Paris", "type": "station", "x": 48.8665004, "y": 2.360708, "gid": 4611, "Name": "Temple" }, "geometry": { "type": "Point", "coordinates": [ 2.360708, 48.8665004 ] } },
{ "type": "Feature", "properties": { "city": "Paris", "type": "station", "x": 48.8782859, "y": 2.2990808, "gid": 4801, "Name": "Ternes" }, "geometry": { "type": "Point", "coordinates": [ 2.2990808, 48.8782859 ] } },
{ "type": "Feature", "properties": { "city": "Paris", "type": "tramstop", "x": 48.9376219, "y": 2.3504659, "gid": 19190, "Name": "Théâtre Gérard Philipe" }, "geometry": { "type": "Point", "coordinates": [ 2.3504659, 48.9376219 ] } },
{ "type": "Feature", "properties": { "city": "Paris", "type": "tramstop", "x": 48.9327702, "y": 2.3012942, "gid": 19163, "Name": "Timbaud" }, "geometry": { "type": "Point", "coordinates": [ 2.3012942, 48.9327702 ] } },
{ "type": "Feature", "properties": { "city": "Paris", "type": "station", "x": 48.8260904, "y": 2.3573505, "gid": 4624, "Name": "Tolbiac" }, "geometry": { "type": "Point", "coordinates": [ 2.3573505, 48.8260904 ] } },
{ "type": "Feature", "properties": { "city": "Paris", "type": "station", "x": 48.8763251, "y": 2.3326415, "gid": 4710, "Name": "Trinité d'Estienne d'Orves" }, "geometry": { "type": "Point", "coordinates": [ 2.3326415, 48.8763251 ] } },
{ "type": "Feature", "properties": { "city": "Paris", "type": "station", "x": 48.8630487, "y": 2.2871436, "gid": 4832, "Name": "Trocadéro" }, "geometry": { "type": "Point", "coordinates": [ 2.2871436, 48.8630487 ] } },
{ "type": "Feature", "properties": { "city": "Paris", "type": "station", "x": 48.864244, "y": 2.330436, "gid": 4716, "Name": "Tuileries" }, "geometry": { "type": "Point", "coordinates": [ 2.330436, 48.864244 ] } },
{ "type": "Feature", "properties": { "city": "Paris", "type": "station", "x": 48.8491427, "y": 2.3218878, "gid": 4746, "Name": "Vaneau" }, "geometry": { "type": "Point", "coordinates": [ 2.3218878, 48.8491427 ] } },
{ "type": "Feature", "properties": { "city": "Paris", "type": "station", "x": 48.8183579, "y": 2.2920046, "gid": 4821, "Name": "Vanves Malakoff" }, "geometry": { "type": "Point", "coordinates": [ 2.2920046, 48.8183579 ] } },
{ "type": "Feature", "properties": { "city": "Paris", "type": "station", "x": 48.8568023, "y": 2.3150585, "gid": 4761, "Name": "Varenne" }, "geometry": { "type": "Point", "coordinates": [ 2.3150585, 48.8568023 ] } },
{ "type": "Feature", "properties": { "city": "Paris", "type": "tramstop", "x": 48.8072121, "y": 2.2941975, "gid": 19283, "Name": "Vauban" }, "geometry": { "type": "Point", "coordinates": [ 2.2941975, 48.8072121 ] } },
{ "type": "Feature", "properties": { "city": "Paris", "type": "station", "x": 48.8395785, "y": 2.3012923, "gid": 4796, "Name": "Vaugirard" }, "geometry": { "type": "Point", "coordinates": [ 2.3012923, 48.8395785 ] } },
{ "type": "Feature", "properties": { "city": "Paris", "type": "station", "x": 48.8422164, "y": 2.3290114, "gid": 4719, "Name": "Vavin" }, "geometry": { "type": "Point", "coordinates": [ 2.3290114, 48.8422164 ] } },
{ "type": "Feature", "properties": { "city": "Paris", "type": "tramstop", "x": 48.9143955, "y": 2.229183, "gid": 19144, "Name": "Victor Basch" }, "geometry": { "type": "Point", "coordinates": [ 2.229183, 48.9143955 ] } },
{ "type": "Feature", "properties": { "city": "Paris", "type": "station", "x": 48.8699556, "y": 2.2860385, "gid": 4834, "Name": "Victor Hugo" }, "geometry": { "type": "Point", "coordinates": [ 2.2860385, 48.8699556 ] } },
{ "type": "Feature", "properties": { "city": "Paris", "type": "station", "x": 48.8051317, "y": 2.3637903, "gid": 4602, "Name": "Villejuif - Léo Lagrange" }, "geometry": { "type": "Point", "coordinates": [ 2.3637903, 48.8051317 ] } },
{ "type": "Feature", "properties": { "city": "Paris", "type": "station", "x": 48.7960877, "y": 2.3683672, "gid": 4586, "Name": "Villejuif - Paul Vaillant-Couturier" }, "geometry": { "type": "Point", "coordinates": [ 2.3683672, 48.7960877 ] } },
{ "type": "Feature", "properties": { "city": "Paris", "type": "station", "x": 48.9600119, "y": 2.3423764, "gid": 4672, "Name": "Villetaneuse - Université" }, "geometry": { "type": "Point", "coordinates": [ 2.3423764, 48.9600119 ] } },
{ "type": "Feature", "properties": { "city": "Paris", "type": "tramstop", "x": 48.9593079, "y": 2.3420699, "gid": 19145, "Name": "Villetaneuse - Université" }, "geometry": { "type": "Point", "coordinates": [ 2.3420699, 48.9593079 ] } },
{ "type": "Feature", "properties": { "city": "Paris", "type": "station", "x": 48.8811192, "y": 2.3149051, "gid": 4762, "Name": "Villiers" }, "geometry": { "type": "Point", "coordinates": [ 2.3149051, 48.8811192 ] } },
{ "type": "Feature", "properties": { "city": "Paris", "type": "station", "x": 48.8473177, "y": 2.4334904, "gid": 4483, "Name": "Vincennes" }, "geometry": { "type": "Point", "coordinates": [ 2.4334904, 48.8473177 ] } },
{ "type": "Feature", "properties": { "city": "Paris", "type": "station", "x": 48.8006139, "y": 2.4024811, "gid": 4513, "Name": "Vitry sur Seine" }, "geometry": { "type": "Point", "coordinates": [ 2.4024811, 48.8006139 ] } },
{ "type": "Feature", "properties": { "city": "Paris", "type": "station", "x": 48.8415194, "y": 2.3080031, "gid": 4783, "Name": "Volontaires" }, "geometry": { "type": "Point", "coordinates": [ 2.3080031, 48.8415194 ] } },
{ "type": "Feature", "properties": { "city": "Paris", "type": "station", "x": 48.858158, "y": 2.3798044, "gid": 4558, "Name": "Voltaire" }, "geometry": { "type": "Point", "coordinates": [ 2.3798044, 48.858158 ] } },
{ "type": "Feature", "properties": { "city": "Paris", "type": "station", "x": 48.884005, "y": 2.3037188, "gid": 4792, "Name": "Wagram" }, "geometry": { "type": "Point", "coordinates": [ 2.3037188, 48.884005 ] } },
{ "type": "Feature", "properties": { "city": "Singapore", "type": "station", "x": 1.3164515, "y": 103.8829087, "gid": 10159, "Name": "Aljunied" }, "geometry": { "type": "Point", "coordinates": [ 103.8829087, 1.3164515 ] } },
{ "type": "Feature", "properties": { "city": "Singapore", "type": "station", "x": 1.3700803, "y": 103.8495228, "gid": 10166, "Name": "Ang Mo Kio" }, "geometry": { "type": "Point", "coordinates": [ 103.8495228, 1.3700803 ] } },
{ "type": "Feature", "properties": { "city": "Singapore", "type": "station", "x": 1.3428692424747795, "y": 103.87973219873101, "gid": 11998, "Name": "Bartley" }, "geometry": { "type": "Point", "coordinates": [ 103.879732198731006, 1.342869242474779 ] } },
{ "type": "Feature", "properties": { "city": "Singapore", "type": "station", "x": 1.282528356101845, "y": 103.85974148870073, "gid": 11993, "Name": "Bayfront" }, "geometry": { "type": "Point", "coordinates": [ 103.859741488700735, 1.282528356101845 ] } },
{ "type": "Feature", "properties": { "city": "Singapore", "type": "station", "x": 1.2512942, "y": 103.8177659, "gid": 10174, "Name": "Beach" }, "geometry": { "type": "Point", "coordinates": [ 103.8177659, 1.2512942 ] } },
{ "type": "Feature", "properties": { "city": "Singapore", "type": "station", "x": 1.3239765, "y": 103.930216, "gid": 10134, "Name": "Bedok" }, "geometry": { "type": "Point", "coordinates": [ 103.930216, 1.3239765 ] } },
{ "type": "Feature", "properties": { "city": "Singapore", "type": "station", "x": 1.3345965810036546, "y": 103.91825058286118, "gid": 11965, "Name": "Bedok North" }, "geometry": { "type": "Point", "coordinates": [ 103.918250582861177, 1.334596581003655 ] } },
{ "type": "Feature", "properties": { "city": "Singapore", "type": "station", "x": 1.2986825563714361, "y": 103.85032915890393, "gid": 12030, "Name": "Bencoolen" }, "geometry": { "type": "Point", "coordinates": [ 103.850329158903932, 1.298682556371436 ] } },
{ "type": "Feature", "properties": { "city": "Singapore", "type": "station", "x": 1.3136159023965615, "y": 103.86279055080836, "gid": 11955, "Name": "Bendemeer" }, "geometry": { "type": "Point", "coordinates": [ 103.862790550808356, 1.313615902396561 ] } },
{ "type": "Feature", "properties": { "city": "Singapore", "type": "station", "x": 1.3510542836979353, "y": 103.84888092919749, "gid": 11971, "Name": "Bishan" }, "geometry": { "type": "Point", "coordinates": [ 103.848880929197492, 1.351054283697935 ] } },
{ "type": "Feature", "properties": { "city": "Singapore", "type": "station", "x": 1.319562292521995, "y": 103.86171883025877, "gid": 11986, "Name": "Boon Keng" }, "geometry": { "type": "Point", "coordinates": [ 103.861718830258766, 1.319562292521995 ] } },
{ "type": "Feature", "properties": { "city": "Singapore", "type": "station", "x": 1.3221706397056503, "y": 103.81551712062189, "gid": 11980, "Name": "Botanic Gardens" }, "geometry": { "type": "Point", "coordinates": [ 103.815517120621891, 1.32217063970565 ] } },
{ "type": "Feature", "properties": { "city": "Singapore", "type": "station", "x": 1.3403218987805157, "y": 103.84685309815821, "gid": 11972, "Name": "Braddell" }, "geometry": { "type": "Point", "coordinates": [ 103.846853098158206, 1.340321898780516 ] } },
{ "type": "Feature", "properties": { "city": "Singapore", "type": "station", "x": 1.2968714348250769, "y": 103.85071125747926, "gid": 12008, "Name": "Bras Basah" }, "geometry": { "type": "Point", "coordinates": [ 103.850711257479261, 1.296871434825077 ] } },
{ "type": "Feature", "properties": { "city": "Singapore", "type": "station", "x": 1.2999998518883036, "y": 103.8562308306103, "gid": 11983, "Name": "Bugis" }, "geometry": { "type": "Point", "coordinates": [ 103.856230830610301, 1.299999851888304 ] } },
{ "type": "Feature", "properties": { "city": "Singapore", "type": "station", "x": 1.306664152769198, "y": 103.7904245672261, "gid": 12012, "Name": "Buona Vista" }, "geometry": { "type": "Point", "coordinates": [ 103.790424567226097, 1.306664152769198 ] } },
{ "type": "Feature", "properties": { "city": "Singapore", "type": "station", "x": 1.3374122513547104, "y": 103.83982373220566, "gid": 11969, "Name": "Caldecott" }, "geometry": { "type": "Point", "coordinates": [ 103.839823732205659, 1.33741225135471 ] } },
{ "type": "Feature", "properties": { "city": "Singapore", "type": "station", "x": 1.2846147267173984, "y": 103.84396241907436, "gid": 11989, "Name": "Chinatown" }, "geometry": { "type": "Point", "coordinates": [ 103.843962419074359, 1.284614726717398 ] } },
{ "type": "Feature", "properties": { "city": "Singapore", "type": "station", "x": 1.2930263843098775, "y": 103.85242562900355, "gid": 11991, "Name": "City Hall" }, "geometry": { "type": "Point", "coordinates": [ 103.852425629003548, 1.293026384309877 ] } },
{ "type": "Feature", "properties": { "city": "Singapore", "type": "station", "x": 1.2883213568070859, "y": 103.84656307222949, "gid": 11990, "Name": "Clarke Quay" }, "geometry": { "type": "Point", "coordinates": [ 103.846563072229486, 1.288321356807086 ] } },
{ "type": "Feature", "properties": { "city": "Singapore", "type": "station", "x": 1.3024428, "y": 103.7983085, "gid": 10178, "Name": "Commonwealth" }, "geometry": { "type": "Point", "coordinates": [ 103.7983085, 1.3024428 ] } },
{ "type": "Feature", "properties": { "city": "Singapore", "type": "station", "x": 1.3084138513996324, "y": 103.88864670370329, "gid": 11999, "Name": "Dakota" }, "geometry": { "type": "Point", "coordinates": [ 103.888646703703287, 1.308413851399632 ] } },
{ "type": "Feature", "properties": { "city": "Singapore", "type": "station", "x": 1.2994431970616795, "y": 103.84561551631637, "gid": 11974, "Name": "Dhoby Ghaut" }, "geometry": { "type": "Point", "coordinates": [ 103.845615516316371, 1.29944319706168 ] } },
{ "type": "Feature", "properties": { "city": "Singapore", "type": "station", "x": 1.3113893, "y": 103.778605, "gid": 10179, "Name": "Dover" }, "geometry": { "type": "Point", "coordinates": [ 103.778605, 1.3113893 ] } },
{ "type": "Feature", "properties": { "city": "Singapore", "type": "station", "x": 1.2794820205192341, "y": 103.8528591930377, "gid": 11988, "Name": "Downtown" }, "geometry": { "type": "Point", "coordinates": [ 103.852859193037702, 1.279482020519234 ] } },
{ "type": "Feature", "properties": { "city": "Singapore", "type": "station", "x": 1.2934462862794849, "y": 103.85550031179231, "gid": 12014, "Name": "Esplanade" }, "geometry": { "type": "Point", "coordinates": [ 103.855500311792312, 1.293446286279485 ] } },
{ "type": "Feature", "properties": { "city": "Singapore", "type": "station", "x": 1.3198016, "y": 103.9028891, "gid": 10147, "Name": "Eunos" }, "geometry": { "type": "Point", "coordinates": [ 103.9028891, 1.3198016 ] } },
{ "type": "Feature", "properties": { "city": "Singapore", "type": "station", "x": 1.3125137609615998, "y": 103.85432345348764, "gid": 11985, "Name": "Farrer Park" }, "geometry": { "type": "Point", "coordinates": [ 103.854323453487638, 1.3125137609616 ] } },
{ "type": "Feature", "properties": { "city": "Singapore", "type": "station", "x": 1.3174928788956068, "y": 103.80770219116255, "gid": 11979, "Name": "Farrer Road" }, "geometry": { "type": "Point", "coordinates": [ 103.807702191162548, 1.317492878895607 ] } },
{ "type": "Feature", "properties": { "city": "Singapore", "type": "station", "x": 1.2924905926970711, "y": 103.84433554433942, "gid": 12005, "Name": "Fort Canning" }, "geometry": { "type": "Point", "coordinates": [ 103.844335544339415, 1.292490592697071 ] } },
{ "type": "Feature", "properties": { "city": "Singapore", "type": "station", "x": 1.2793443299071507, "y": 103.86806440846487, "gid": 11934, "Name": "Gardens by the Bay" }, "geometry": { "type": "Point", "coordinates": [ 103.868064408464875, 1.279344329907151 ] } },
{ "type": "Feature", "properties": { "city": "Singapore", "type": "station", "x": 1.3214725654819166, "y": 103.87194985460695, "gid": 11967, "Name": "Geylang Bahru" }, "geometry": { "type": "Point", "coordinates": [ 103.871949854606953, 1.321472565481917 ] } },
{ "type": "Feature", "properties": { "city": "Singapore", "type": "station", "x": 1.2945469075061182, "y": 103.83347395101998, "gid": 11935, "Name": "Great World" }, "geometry": { "type": "Point", "coordinates": [ 103.833473951019982, 1.294546907506118 ] } },
{ "type": "Feature", "properties": { "city": "Singapore", "type": "station", "x": 1.2654428063598904, "y": 103.82192714666961, "gid": 12026, "Name": "HarbourFront" }, "geometry": { "type": "Point", "coordinates": [ 103.821927146669609, 1.26544280635989 ] } },
{ "type": "Feature", "properties": { "city": "Singapore", "type": "station", "x": 1.2886114830117705, "y": 103.8336874201561, "gid": 11936, "Name": "Havelock" }, "geometry": { "type": "Point", "coordinates": [ 103.833687420156096, 1.288611483011771 ] } },
{ "type": "Feature", "properties": { "city": "Singapore", "type": "station", "x": 1.2826957931345762, "y": 103.78183644562986, "gid": 12023, "Name": "Haw Par Villa" }, "geometry": { "type": "Point", "coordinates": [ 103.781836445629864, 1.282695793134576 ] } },
{ "type": "Feature", "properties": { "city": "Singapore", "type": "station", "x": 1.3117822535488579, "y": 103.79632467527124, "gid": 11978, "Name": "Holland Village" }, "geometry": { "type": "Point", "coordinates": [ 103.796324675271237, 1.311782253548858 ] } },
{ "type": "Feature", "properties": { "city": "Singapore", "type": "station", "x": 1.2539153, "y": 103.8194525, "gid": 10173, "Name": "Imbiah" }, "geometry": { "type": "Point", "coordinates": [ 103.8194525, 1.2539153 ] } },
{ "type": "Feature", "properties": { "city": "Singapore", "type": "station", "x": 1.3078253371538513, "y": 103.85696485382961, "gid": 11976, "Name": "Jalan Besar" }, "geometry": { "type": "Point", "coordinates": [ 103.856964853829609, 1.307825337153851 ] } },
{ "type": "Feature", "properties": { "city": "Singapore", "type": "station", "x": 1.3350353839368185, "y": 103.90838767013835, "gid": 11956, "Name": "Kaki Bukit" }, "geometry": { "type": "Point", "coordinates": [ 103.908387670138353, 1.335035383936819 ] } },
{ "type": "Feature", "properties": { "city": "Singapore", "type": "station", "x": 1.3114669, "y": 103.8713388, "gid": 10165, "Name": "Kallang" }, "geometry": { "type": "Point", "coordinates": [ 103.8713388, 1.3114669 ] } },
{ "type": "Feature", "properties": { "city": "Singapore", "type": "station", "x": 1.3210321, "y": 103.9129269, "gid": 10137, "Name": "Kembangan" }, "geometry": { "type": "Point", "coordinates": [ 103.9129269, 1.3210321 ] } },
{ "type": "Feature", "properties": { "city": "Singapore", "type": "station", "x": 1.2934651933349268, "y": 103.78460076990332, "gid": 12022, "Name": "Kent Ridge" }, "geometry": { "type": "Point", "coordinates": [ 103.784600769903321, 1.293465193334927 ] } },
{ "type": "Feature", "properties": { "city": "Singapore", "type": "station", "x": 1.335893499069547, "y": 103.78390831694475, "gid": 12028, "Name": "King Albert Park" }, "geometry": { "type": "Point", "coordinates": [ 103.783908316944746, 1.335893499069547 ] } },
{ "type": "Feature", "properties": { "city": "Singapore", "type": "station", "x": 1.3601982713796494, "y": 103.88503065848128, "gid": 11997, "Name": "Kovan" }, "geometry": { "type": "Point", "coordinates": [ 103.885030658481284, 1.360198271379649 ] } },
{ "type": "Feature", "properties": { "city": "Singapore", "type": "station", "x": 1.2722463585650972, "y": 103.80299168514358, "gid": 12024, "Name": "Labrador Park" }, "geometry": { "type": "Point", "coordinates": [ 103.802991685143581, 1.272246358565097 ] } },
{ "type": "Feature", "properties": { "city": "Singapore", "type": "station", "x": 1.3073736217718643, "y": 103.86281320321065, "gid": 11987, "Name": "Lavender" }, "geometry": { "type": "Point", "coordinates": [ 103.862813203210649, 1.307373621771864 ] } },
{ "type": "Feature", "properties": { "city": "Singapore", "type": "station", "x": 1.3068870485310358, "y": 103.84922527013431, "gid": 11984, "Name": "Little India" }, "geometry": { "type": "Point", "coordinates": [ 103.849225270134312, 1.306887048531036 ] } },
{ "type": "Feature", "properties": { "city": "Singapore", "type": "station", "x": 1.3515474654431694, "y": 103.86394712721508, "gid": 12019, "Name": "Lorong Chuan" }, "geometry": { "type": "Point", "coordinates": [ 103.863947127215084, 1.351547465443169 ] } },
{ "type": "Feature", "properties": { "city": "Singapore", "type": "station", "x": 1.3262492394100738, "y": 103.88972475377916, "gid": 11959, "Name": "MacPherson" }, "geometry": { "type": "Point", "coordinates": [ 103.889724753779163, 1.326249239410074 ] } },
{ "type": "Feature", "properties": { "city": "Singapore", "type": "station", "x": 1.2756530860161746, "y": 103.85514963909493, "gid": 11939, "Name": "Marina Bay" }, "geometry": { "type": "Point", "coordinates": [ 103.855149639094932, 1.275653086016175 ] } },
{ "type": "Feature", "properties": { "city": "Singapore", "type": "station", "x": 1.2743646317843951, "y": 103.86345679227253, "gid": 11940, "Name": "Marina South" }, "geometry": { "type": "Point", "coordinates": [ 103.86345679227253, 1.274364631784395 ] } },
{ "type": "Feature", "properties": { "city": "Singapore", "type": "station", "x": 1.2714664264427651, "y": 103.86281416051828, "gid": 11970, "Name": "Marina South Pier" }, "geometry": { "type": "Point", "coordinates": [ 103.862814160518283, 1.271466426442765 ] } },
{ "type": "Feature", "properties": { "city": "Singapore", "type": "station", "x": 1.3486626332631382, "y": 103.83950698993121, "gid": 12020, "Name": "Marymount" }, "geometry": { "type": "Point", "coordinates": [ 103.839506989931209, 1.348662633263138 ] } },
{ "type": "Feature", "properties": { "city": "Singapore", "type": "station", "x": 1.3268482869233258, "y": 103.88334120716208, "gid": 11958, "Name": "Mattar" }, "geometry": { "type": "Point", "coordinates": [ 103.883341207162076, 1.326848286923326 ] } },
{ "type": "Feature", "properties": { "city": "Singapore", "type": "station", "x": 1.2805624573391177, "y": 103.84385824559222, "gid": 11941, "Name": "Maxwell" }, "geometry": { "type": "Point", "coordinates": [ 103.843858245592216, 1.280562457339118 ] } },
{ "type": "Feature", "properties": { "city": "Singapore", "type": "station", "x": 1.3062916281326358, "y": 103.88248520699932, "gid": 12017, "Name": "Mountbatten" }, "geometry": { "type": "Point", "coordinates": [ 103.88248520699932, 1.306291628132636 ] } },
{ "type": "Feature", "properties": { "city": "Singapore", "type": "station", "x": 1.3067099905782, "y": 103.81893113370973, "gid": 11943, "Name": "Napier" }, "geometry": { "type": "Point", "coordinates": [ 103.818931133709725, 1.3067099905782 ] } },
{ "type": "Feature", "properties": { "city": "Singapore", "type": "station", "x": 1.313095700617688, "y": 103.83784987944108, "gid": 11973, "Name": "Newton" }, "geometry": { "type": "Point", "coordinates": [ 103.83784987944108, 1.313095700617688 ] } },
{ "type": "Feature", "properties": { "city": "Singapore", "type": "station", "x": 1.2998544223703292, "y": 103.86385462206479, "gid": 12016, "Name": "Nicoll Highway" }, "geometry": { "type": "Point", "coordinates": [ 103.863854622064792, 1.299854422370329 ] } },
{ "type": "Feature", "properties": { "city": "Singapore", "type": "station", "x": 1.3205024623694694, "y": 103.84386136622138, "gid": 12006, "Name": "Novena" }, "geometry": { "type": "Point", "coordinates": [ 103.843861366221375, 1.320502462369469 ] } },
{ "type": "Feature", "properties": { "city": "Singapore", "type": "station", "x": 1.2996762907479136, "y": 103.78739141439334, "gid": 12021, "Name": "one-north" }, "geometry": { "type": "Point", "coordinates": [ 103.78739141439334, 1.299676290747914 ] } },
{ "type": "Feature", "properties": { "city": "Singapore", "type": "station", "x": 1.3033591705828218, "y": 103.8316397222076, "gid": 11945, "Name": "Orchard" }, "geometry": { "type": "Point", "coordinates": [ 103.831639722207598, 1.303359170582822 ] } },
{ "type": "Feature", "properties": { "city": "Singapore", "type": "station", "x": 1.3029750907612736, "y": 103.8239067765475, "gid": 11944, "Name": "Orchard Boulevard" }, "geometry": { "type": "Point", "coordinates": [ 103.823906776547503, 1.302975090761274 ] } },
{ "type": "Feature", "properties": { "city": "Singapore", "type": "station", "x": 1.280987610424658, "y": 103.83948492245236, "gid": 11946, "Name": "Outram Park" }, "geometry": { "type": "Point", "coordinates": [ 103.839484922452357, 1.280987610424658 ] } },
{ "type": "Feature", "properties": { "city": "Singapore", "type": "station", "x": 1.2762117265743527, "y": 103.79135111749571, "gid": 12000, "Name": "Pasir Panjang" }, "geometry": { "type": "Point", "coordinates": [ 103.791351117495708, 1.276211726574353 ] } },
{ "type": "Feature", "properties": { "city": "Singapore", "type": "station", "x": 1.3175612405956199, "y": 103.89253269674553, "gid": 12013, "Name": "Paya Lebar" }, "geometry": { "type": "Point", "coordinates": [ 103.892532696745533, 1.31756124059562 ] } },
{ "type": "Feature", "properties": { "city": "Singapore", "type": "station", "x": 1.3314005682803185, "y": 103.86904415485458, "gid": 11994, "Name": "Potong Pasir" }, "geometry": { "type": "Point", "coordinates": [ 103.869044154854578, 1.331400568280318 ] } },
{ "type": "Feature", "properties": { "city": "Singapore", "type": "station", "x": 1.2929594754052074, "y": 103.86069221695676, "gid": 12015, "Name": "Promenade" }, "geometry": { "type": "Point", "coordinates": [ 103.860692216956764, 1.292959475405207 ] } },
{ "type": "Feature", "properties": { "city": "Singapore", "type": "station", "x": 1.2946226, "y": 103.8060366, "gid": 10176, "Name": "Queenstown" }, "geometry": { "type": "Point", "coordinates": [ 103.8060366, 1.2946226 ] } },
{ "type": "Feature", "properties": { "city": "Singapore", "type": "station", "x": 1.2835759271008971, "y": 103.85165512472767, "gid": 11982, "Name": "Raffles Place" }, "geometry": { "type": "Point", "coordinates": [ 103.851655124727671, 1.283575927100897 ] } },
{ "type": "Feature", "properties": { "city": "Singapore", "type": "station", "x": 1.2896482, "y": 103.8167677, "gid": 10175, "Name": "Redhill" }, "geometry": { "type": "Point", "coordinates": [ 103.8167677, 1.2896482 ] } },
{ "type": "Feature", "properties": { "city": "Singapore", "type": "station", "x": 1.2555418, "y": 103.8209626, "gid": 10171, "Name": "Resorts World" }, "geometry": { "type": "Point", "coordinates": [ 103.8209626, 1.2555418 ] } },
{ "type": "Feature", "properties": { "city": "Singapore", "type": "station", "x": 1.3039580679225797, "y": 103.85247808149495, "gid": 11975, "Name": "Rochor" }, "geometry": { "type": "Point", "coordinates": [ 103.852478081494951, 1.30395806792258 ] } },
{ "type": "Feature", "properties": { "city": "Singapore", "type": "station", "x": 1.3499772664893495, "y": 103.87283944978381, "gid": 11996, "Name": "Serangoon" }, "geometry": { "type": "Point", "coordinates": [ 103.872839449783811, 1.349977266489349 ] } },
{ "type": "Feature", "properties": { "city": "Singapore", "type": "station", "x": 1.2775826695508408, "y": 103.85077047567586, "gid": 11947, "Name": "Shenton Way" }, "geometry": { "type": "Point", "coordinates": [ 103.850770475675859, 1.277582669550841 ] } },
{ "type": "Feature", "properties": { "city": "Singapore", "type": "station", "x": 1.3310363530578018, "y": 103.79726939067643, "gid": 12029, "Name": "Sixth Avenue" }, "geometry": { "type": "Point", "coordinates": [ 103.797269390676433, 1.331036353057802 ] } },
{ "type": "Feature", "properties": { "city": "Singapore", "type": "station", "x": 1.3002410964836344, "y": 103.83915276484852, "gid": 12009, "Name": "Somerset" }, "geometry": { "type": "Point", "coordinates": [ 103.839152764848521, 1.300241096483634 ] } },
{ "type": "Feature", "properties": { "city": "Singapore", "type": "station", "x": 1.3028632202080701, "y": 103.87535630979748, "gid": 11930, "Name": "Stadium" }, "geometry": { "type": "Point", "coordinates": [ 103.875356309797482, 1.30286322020807 ] } },
{ "type": "Feature", "properties": { "city": "Singapore", "type": "station", "x": 1.3199391180672633, "y": 103.82574895477811, "gid": 11949, "Name": "Stevens" }, "geometry": { "type": "Point", "coordinates": [ 103.825748954778106, 1.319939118067263 ] } },
{ "type": "Feature", "properties": { "city": "Singapore", "type": "station", "x": 1.3353698857100358, "y": 103.88822778972742, "gid": 12018, "Name": "Tai Seng" }, "geometry": { "type": "Point", "coordinates": [ 103.888227789727424, 1.335369885710036 ] } },
{ "type": "Feature", "properties": { "city": "Singapore", "type": "station", "x": 1.3259104533287787, "y": 103.80726351745992, "gid": 12004, "Name": "Tan Kah Kee" }, "geometry": { "type": "Point", "coordinates": [ 103.807263517459916, 1.325910453328779 ] } },
{ "type": "Feature", "properties": { "city": "Singapore", "type": "station", "x": 1.2766073440294019, "y": 103.8457065286449, "gid": 11968, "Name": "Tanjong Pagar" }, "geometry": { "type": "Point", "coordinates": [ 103.845706528644897, 1.276607344029402 ] } },
{ "type": "Feature", "properties": { "city": "Singapore", "type": "station", "x": 1.2972667022027355, "y": 103.87350375713224, "gid": 11937, "Name": "Tanjong Rhu" }, "geometry": { "type": "Point", "coordinates": [ 103.873503757132241, 1.297266702202736 ] } },
{ "type": "Feature", "properties": { "city": "Singapore", "type": "station", "x": 1.2823490635211179, "y": 103.84827653134943, "gid": 11992, "Name": "Telok Ayer" }, "geometry": { "type": "Point", "coordinates": [ 103.848276531349427, 1.282349063521118 ] } },
{ "type": "Feature", "properties": { "city": "Singapore", "type": "station", "x": 1.270802502175012, "y": 103.8098556587705, "gid": 12025, "Name": "Telok Blangah" }, "geometry": { "type": "Point", "coordinates": [ 103.809855658770502, 1.270802502175012 ] } },
{ "type": "Feature", "properties": { "city": "Singapore", "type": "station", "x": 1.2861689874431403, "y": 103.82705858688784, "gid": 11981, "Name": "Tiong Bahru" }, "geometry": { "type": "Point", "coordinates": [ 103.827058586887844, 1.28616898744314 ] } },
{ "type": "Feature", "properties": { "city": "Singapore", "type": "station", "x": 1.3326486987076125, "y": 103.84722706116118, "gid": 12007, "Name": "Toa Payoh" }, "geometry": { "type": "Point", "coordinates": [ 103.847227061161178, 1.332648698707612 ] } },
{ "type": "Feature", "properties": { "city": "Singapore", "type": "station", "x": 1.3299437951761068, "y": 103.89928257688747, "gid": 11960, "Name": "Ubi" }, "geometry": { "type": "Point", "coordinates": [ 103.899282576887472, 1.329943795176107 ] } },
{ "type": "Feature", "properties": { "city": "Singapore", "type": "station", "x": 1.354481682900434, "y": 103.83286330360976, "gid": 11950, "Name": "Upper Thomson" }, "geometry": { "type": "Point", "coordinates": [ 103.832863303609756, 1.354481682900434 ] } },
{ "type": "Feature", "properties": { "city": "Singapore", "type": "station", "x": 1.2650909, "y": 103.8224201, "gid": 10170, "Name": "VivoCity" }, "geometry": { "type": "Point", "coordinates": [ 103.8224201, 1.2650909 ] } },
{ "type": "Feature", "properties": { "city": "Singapore", "type": "station", "x": 1.3391983503011924, "y": 103.87079670585976, "gid": 11995, "Name": "Woodleigh" }, "geometry": { "type": "Point", "coordinates": [ 103.87079670585976, 1.339198350301192 ] } },
{ "type": "Feature", "properties": { "city": "Tokyo", "type": "station", "x": 35.7475893, "y": 139.8401447, "gid": 6143, "Name": "お花茶屋" }, "geometry": { "type": "Point", "coordinates": [ 139.8401447, 35.7475893 ] } },
{ "type": "Feature", "properties": { "city": "Tokyo", "type": "station", "x": 35.6299113, "y": 139.778807, "gid": 6245, "Name": "お台場海浜公園" }, "geometry": { "type": "Point", "coordinates": [ 139.778807, 35.6299113 ] } },
{ "type": "Feature", "properties": { "city": "Tokyo", "type": "station", "x": 35.6175656, "y": 139.7794436, "gid": 6242, "Name": "テレコムセンター" }, "geometry": { "type": "Point", "coordinates": [ 139.7794436, 35.6175656 ] } },
{ "type": "Feature", "properties": { "city": "Tokyo", "type": "station", "x": 35.7104065, "y": 139.8091837, "gid": 6178, "Name": "とうきょうスカイツリー" }, "geometry": { "type": "Point", "coordinates": [ 139.8091837, 35.7104065 ] } },
{ "type": "Feature", "properties": { "city": "Tokyo", "type": "station", "x": 35.6554464, "y": 139.7567135, "gid": 6348, "Name": "モノレール浜松町" }, "geometry": { "type": "Point", "coordinates": [ 139.756713499999989, 35.6554464 ] } },
{ "type": "Feature", "properties": { "city": "Tokyo", "type": "station", "x": 35.7113442, "y": 139.7826677, "gid": 6232, "Name": "稲荷町" }, "geometry": { "type": "Point", "coordinates": [ 139.7826677, 35.7113442 ] } },
{ "type": "Feature", "properties": { "city": "Tokyo", "type": "station", "x": 35.6099554, "y": 139.7119528, "gid": 6511, "Name": "荏原中延" }, "geometry": { "type": "Point", "coordinates": [ 139.7119528, 35.6099554 ] } },
{ "type": "Feature", "properties": { "city": "Tokyo", "type": "station", "x": 35.7183056, "y": 139.8167501, "gid": 6168, "Name": "曳舟" }, "geometry": { "type": "Point", "coordinates": [ 139.8167501, 35.7183056 ] } },
{ "type": "Feature", "properties": { "city": "Tokyo", "type": "tramstop", "x": 35.7509103, "y": 139.742126, "gid": 19905, "Name": "栄町" }, "geometry": { "type": "Point", "coordinates": [ 139.742126, 35.7509103 ] } },
{ "type": "Feature", "properties": { "city": "Tokyo", "type": "station", "x": 35.6786188, "y": 139.740409, "gid": 6406, "Name": "永田町" }, "geometry": { "type": "Point", "coordinates": [ 139.740409, 35.6786188 ] } },
{ "type": "Feature", "properties": { "city": "Tokyo", "type": "station", "x": 35.6679, "y": 139.7926376, "gid": 6206, "Name": "越中島" }, "geometry": { "type": "Point", "coordinates": [ 139.7926376, 35.6679 ] } },
{ "type": "Feature", "properties": { "city": "Tokyo", "type": "station", "x": 35.7107458, "y": 139.8134123, "gid": 6172, "Name": "押上〈スカイツリー前〉" }, "geometry": { "type": "Point", "coordinates": [ 139.81341230000001, 35.7107458 ] } },
{ "type": "Feature", "properties": { "city": "Tokyo", "type": "station", "x": 35.7523466, "y": 139.7382749, "gid": 6416, "Name": "王子" }, "geometry": { "type": "Point", "coordinates": [ 139.7382749, 35.7523466 ] } },
{ "type": "Feature", "properties": { "city": "Tokyo", "type": "tramstop", "x": 35.7528392, "y": 139.7381333, "gid": 19887, "Name": "王子駅前" }, "geometry": { "type": "Point", "coordinates": [ 139.738133299999987, 35.7528392 ] } },
{ "type": "Feature", "properties": { "city": "Tokyo", "type": "station", "x": 35.7650496, "y": 139.7357267, "gid": 6434, "Name": "王子神谷" }, "geometry": { "type": "Point", "coordinates": [ 139.735726699999987, 35.7650496 ] } },
{ "type": "Feature", "properties": { "city": "Tokyo", "type": "station", "x": 35.6087704, "y": 139.7262588, "gid": 6467, "Name": "下神明" }, "geometry": { "type": "Point", "coordinates": [ 139.726258800000011, 35.6087704 ] } },
{ "type": "Feature", "properties": { "city": "Tokyo", "type": "station", "x": 35.7455753, "y": 139.7149217, "gid": 6500, "Name": "下板橋" }, "geometry": { "type": "Point", "coordinates": [ 139.7149217, 35.7455753 ] } },
{ "type": "Feature", "properties": { "city": "Tokyo", "type": "station", "x": 35.6615352, "y": 139.6671704, "gid": 6659, "Name": "下北沢" }, "geometry": { "type": "Point", "coordinates": [ 139.6671704, 35.6615352 ] } },
{ "type": "Feature", "properties": { "city": "Tokyo", "type": "station", "x": 35.7157663, "y": 139.6954383, "gid": 6583, "Name": "下落合" }, "geometry": { "type": "Point", "coordinates": [ 139.6954383, 35.7157663 ] } },
{ "type": "Feature", "properties": { "city": "Tokyo", "type": "station", "x": 35.674217, "y": 139.7527174, "gid": 6360, "Name": "霞ケ関" }, "geometry": { "type": "Point", "coordinates": [ 139.7527174, 35.674217 ] } },
{ "type": "Feature", "properties": { "city": "Tokyo", "type": "station", "x": 35.6704649, "y": 139.7178823, "gid": 6491, "Name": "外苑前" }, "geometry": { "type": "Point", "coordinates": [ 139.717882300000014, 35.6704649 ] } },
{ "type": "Feature", "properties": { "city": "Tokyo", "type": "station", "x": 35.6289468, "y": 139.6853465, "gid": 6613, "Name": "学芸大学" }, "geometry": { "type": "Point", "coordinates": [ 139.6853465, 35.6289468 ] } },
{ "type": "Feature", "properties": { "city": "Tokyo", "type": "tramstop", "x": 35.7164877, "y": 139.7125705, "gid": 19879, "Name": "学習院下" }, "geometry": { "type": "Point", "coordinates": [ 139.7125705, 35.7164877 ] } },
{ "type": "Feature", "properties": { "city": "Tokyo", "type": "tramstop", "x": 35.7511052, "y": 139.7474007, "gid": 19907, "Name": "梶原" }, "geometry": { "type": "Point", "coordinates": [ 139.747400699999986, 35.7511052 ] } },
{ "type": "Feature", "properties": { "city": "Tokyo", "type": "station", "x": 35.6636282, "y": 139.8726921, "gid": 6128, "Name": "葛西" }, "geometry": { "type": "Point", "coordinates": [ 139.8726921, 35.6636282 ] } },
{ "type": "Feature", "properties": { "city": "Tokyo", "type": "station", "x": 35.644389, "y": 139.861583, "gid": 6134, "Name": "葛西臨海公園" }, "geometry": { "type": "Point", "coordinates": [ 139.861583, 35.644389 ] } },
{ "type": "Feature", "properties": { "city": "Tokyo", "type": "station", "x": 35.6792703, "y": 139.7796515, "gid": 6241, "Name": "茅場町" }, "geometry": { "type": "Point", "coordinates": [ 139.7796515, 35.6792703 ] } },
{ "type": "Feature", "properties": { "city": "Tokyo", "type": "station", "x": 35.6955998, "y": 139.7753793, "gid": 6258, "Name": "岩本町" }, "geometry": { "type": "Point", "coordinates": [ 139.7753793, 35.6955998 ] } },
{ "type": "Feature", "properties": { "city": "Tokyo", "type": "tramstop", "x": 35.7201288, "y": 139.7147648, "gid": 19892, "Name": "鬼子母神前" }, "geometry": { "type": "Point", "coordinates": [ 139.714764800000012, 35.7201288 ] } },
{ "type": "Feature", "properties": { "city": "Tokyo", "type": "station", "x": 35.6976987, "y": 139.827138, "gid": 6155, "Name": "亀戸" }, "geometry": { "type": "Point", "coordinates": [ 139.827138, 35.6976987 ] } },
{ "type": "Feature", "properties": { "city": "Tokyo", "type": "station", "x": 35.7000503, "y": 139.8335195, "gid": 6146, "Name": "亀戸水神" }, "geometry": { "type": "Point", "coordinates": [ 139.8335195, 35.7000503 ] } },
{ "type": "Feature", "properties": { "city": "Tokyo", "type": "station", "x": 35.6883965, "y": 139.8061196, "gid": 6180, "Name": "菊川" }, "geometry": { "type": "Point", "coordinates": [ 139.806119599999988, 35.6883965 ] } },
{ "type": "Feature", "properties": { "city": "Tokyo", "type": "tramstop", "x": 35.7501017, "y": 139.7649788, "gid": 19860, "Name": "宮ノ前" }, "geometry": { "type": "Point", "coordinates": [ 139.7649788, 35.7501017 ] } },
{ "type": "Feature", "properties": { "city": "Tokyo", "type": "station", "x": 35.7009139, "y": 139.7359501, "gid": 6433, "Name": "牛込神楽坂" }, "geometry": { "type": "Point", "coordinates": [ 139.7359501, 35.7009139 ] } },
{ "type": "Feature", "properties": { "city": "Tokyo", "type": "station", "x": 35.6994676, "y": 139.7255875, "gid": 6469, "Name": "牛込柳町" }, "geometry": { "type": "Point", "coordinates": [ 139.725587499999989, 35.6994676 ] } },
{ "type": "Feature", "properties": { "city": "Tokyo", "type": "station", "x": 35.7446629, "y": 139.8121358, "gid": 6174, "Name": "牛田" }, "geometry": { "type": "Point", "coordinates": [ 139.8121358, 35.7446629 ] } },
{ "type": "Feature", "properties": { "city": "Tokyo", "type": "station", "x": 35.676842, "y": 139.7701109, "gid": 6289, "Name": "京橋" }, "geometry": { "type": "Point", "coordinates": [ 139.7701109, 35.676842 ] } },
{ "type": "Feature", "properties": { "city": "Tokyo", "type": "station", "x": 35.7187273, "y": 139.820412, "gid": 6162, "Name": "京成曳舟" }, "geometry": { "type": "Point", "coordinates": [ 139.820412, 35.7187273 ] } },
{ "type": "Feature", "properties": { "city": "Tokyo", "type": "station", "x": 35.7439951, "y": 139.8117763, "gid": 6175, "Name": "京成関屋" }, "geometry": { "type": "Point", "coordinates": [ 139.8117763, 35.7439951 ] } },
{ "type": "Feature", "properties": { "city": "Tokyo", "type": "station", "x": 35.7109406, "y": 139.7735044, "gid": 6265, "Name": "京成上野" }, "geometry": { "type": "Point", "coordinates": [ 139.7735044, 35.7109406 ] } },
{ "type": "Feature", "properties": { "city": "Tokyo", "type": "station", "x": 35.738182, "y": 139.8480553, "gid": 6138, "Name": "京成立石" }, "geometry": { "type": "Point", "coordinates": [ 139.8480553, 35.738182 ] } },
{ "type": "Feature", "properties": { "city": "Tokyo", "type": "station", "x": 35.6963122, "y": 139.8150431, "gid": 6170, "Name": "錦糸町" }, "geometry": { "type": "Point", "coordinates": [ 139.8150431, 35.6963122 ] } },
{ "type": "Feature", "properties": { "city": "Tokyo", "type": "station", "x": 35.6714622, "y": 139.7652995, "gid": 6312, "Name": "銀座" }, "geometry": { "type": "Point", "coordinates": [ 139.7652995, 35.6714622 ] } },
{ "type": "Feature", "properties": { "city": "Tokyo", "type": "station", "x": 35.6743469, "y": 139.7670332, "gid": 6302, "Name": "銀座一丁目" }, "geometry": { "type": "Point", "coordinates": [ 139.767033199999986, 35.6743469 ] } },
{ "type": "Feature", "properties": { "city": "Tokyo", "type": "station", "x": 35.6959198, "y": 139.7512318, "gid": 6367, "Name": "九段下" }, "geometry": { "type": "Point", "coordinates": [ 139.7512318, 35.6959198 ] } },
{ "type": "Feature", "properties": { "city": "Tokyo", "type": "station", "x": 35.7365848, "y": 139.7472412, "gid": 6383, "Name": "駒込" }, "geometry": { "type": "Point", "coordinates": [ 139.7472412, 35.7365848 ] } },
{ "type": "Feature", "properties": { "city": "Tokyo", "type": "station", "x": 35.6589166, "y": 139.6833619, "gid": 6620, "Name": "駒場東大前" }, "geometry": { "type": "Point", "coordinates": [ 139.6833619, 35.6589166 ] } },
{ "type": "Feature", "properties": { "city": "Tokyo", "type": "station", "x": 35.7484991, "y": 139.7698441, "gid": 6293, "Name": "熊野前" }, "geometry": { "type": "Point", "coordinates": [ 139.7698441, 35.7484991 ] } },
{ "type": "Feature", "properties": { "city": "Tokyo", "type": "station", "x": 35.6464378, "y": 139.7102101, "gid": 6519, "Name": "恵比寿" }, "geometry": { "type": "Point", "coordinates": [ 139.710210100000012, 35.6464378 ] } },
{ "type": "Feature", "properties": { "city": "Tokyo", "type": "station", "x": 35.6645143, "y": 139.7847168, "gid": 6226, "Name": "月島" }, "geometry": { "type": "Point", "coordinates": [ 139.784716800000012, 35.6645143 ] } },
{ "type": "Feature", "properties": { "city": "Tokyo", "type": "station", "x": 35.67028, "y": 139.7026946, "gid": 6551, "Name": "原宿" }, "geometry": { "type": "Point", "coordinates": [ 139.7026946, 35.67028 ] } },
{ "type": "Feature", "properties": { "city": "Tokyo", "type": "station", "x": 35.6150742, "y": 139.7165818, "gid": 6494, "Name": "戸越" }, "geometry": { "type": "Point", "coordinates": [ 139.7165818, 35.6150742 ] } },
{ "type": "Feature", "properties": { "city": "Tokyo", "type": "station", "x": 35.6160027, "y": 139.7149723, "gid": 6499, "Name": "戸越銀座" }, "geometry": { "type": "Point", "coordinates": [ 139.7149723, 35.6160027 ] } },
{ "type": "Feature", "properties": { "city": "Tokyo", "type": "station", "x": 35.608913, "y": 139.7181941, "gid": 6490, "Name": "戸越公園" }, "geometry": { "type": "Point", "coordinates": [ 139.7181941, 35.608913 ] } },
{ "type": "Feature", "properties": { "city": "Tokyo", "type": "station", "x": 35.6701871, "y": 139.750056, "gid": 6373, "Name": "虎ノ門" }, "geometry": { "type": "Point", "coordinates": [ 139.750056, 35.6701871 ] } },
{ "type": "Feature", "properties": { "city": "Tokyo", "type": "station", "x": 35.6674688, "y": 139.7477648, "gid": 6380, "Name": "虎ノ門ヒルズ" }, "geometry": { "type": "Point", "coordinates": [ 139.7477648, 35.6674688 ] } },
{ "type": "Feature", "properties": { "city": "Tokyo", "type": "station", "x": 35.6254673, "y": 139.7243723, "gid": 6470, "Name": "五反田" }, "geometry": { "type": "Point", "coordinates": [ 139.7243723, 35.6254673 ] } },
{ "type": "Feature", "properties": { "city": "Tokyo", "type": "station", "x": 35.7082639, "y": 139.751799, "gid": 6362, "Name": "後楽園" }, "geometry": { "type": "Point", "coordinates": [ 139.751799, 35.7082639 ] } },
{ "type": "Feature", "properties": { "city": "Tokyo", "type": "station", "x": 35.6608011, "y": 139.7513591, "gid": 6365, "Name": "御成門" }, "geometry": { "type": "Point", "coordinates": [ 139.7513591, 35.6608011 ] } },
{ "type": "Feature", "properties": { "city": "Tokyo", "type": "station", "x": 35.699593, "y": 139.7649185, "gid": 6314, "Name": "御茶ノ水" }, "geometry": { "type": "Point", "coordinates": [ 139.7649185, 35.699593 ] } },
{ "type": "Feature", "properties": { "city": "Tokyo", "type": "station", "x": 35.7069531, "y": 139.7746303, "gid": 6260, "Name": "御徒町" }, "geometry": { "type": "Point", "coordinates": [ 139.774630300000013, 35.7069531 ] } },
{ "type": "Feature", "properties": { "city": "Tokyo", "type": "station", "x": 35.7190787, "y": 139.7275152, "gid": 6463, "Name": "護国寺" }, "geometry": { "type": "Point", "coordinates": [ 139.7275152, 35.7190787 ] } },
{ "type": "Feature", "properties": { "city": "Tokyo", "type": "station", "x": 35.7527285, "y": 139.737121, "gid": 6424, "Name": "公園入口" }, "geometry": { "type": "Point", "coordinates": [ 139.737121, 35.7527285 ] } },
{ "type": "Feature", "properties": { "city": "Tokyo", "type": "tramstop", "x": 35.7291911, "y": 139.7252859, "gid": 19864, "Name": "向原" }, "geometry": { "type": "Point", "coordinates": [ 139.725285899999989, 35.7291911 ] } },
{ "type": "Feature", "properties": { "city": "Tokyo", "type": "station", "x": 35.6515333, "y": 139.7222194, "gid": 6478, "Name": "広尾" }, "geometry": { "type": "Point", "coordinates": [ 139.7222194, 35.6515333 ] } },
{ "type": "Feature", "properties": { "city": "Tokyo", "type": "tramstop", "x": 35.7397403, "y": 139.7297886, "gid": 19859, "Name": "庚申塚" }, "geometry": { "type": "Point", "coordinates": [ 139.7297886, 35.7397403 ] } },
{ "type": "Feature", "properties": { "city": "Tokyo", "type": "station", "x": 35.7095373, "y": 139.7335743, "gid": 6445, "Name": "江戸川橋" }, "geometry": { "type": "Point", "coordinates": [ 139.733574299999987, 35.7095373 ] } },
{ "type": "Feature", "properties": { "city": "Tokyo", "type": "tramstop", "x": 35.7337273, "y": 139.7889408, "gid": 19914, "Name": "荒川一中前" }, "geometry": { "type": "Point", "coordinates": [ 139.7889408, 35.7337273 ] } },
{ "type": "Feature", "properties": { "city": "Tokyo", "type": "tramstop", "x": 35.7349329, "y": 139.7864251, "gid": 19863, "Name": "荒川区役所前" }, "geometry": { "type": "Point", "coordinates": [ 139.7864251, 35.7349329 ] } },
{ "type": "Feature", "properties": { "city": "Tokyo", "type": "tramstop", "x": 35.74202, "y": 139.784123, "gid": 19875, "Name": "荒川七丁目" }, "geometry": { "type": "Point", "coordinates": [ 139.784123, 35.74202 ] } },
{ "type": "Feature", "properties": { "city": "Tokyo", "type": "tramstop", "x": 35.7509045, "y": 139.752695, "gid": 19877, "Name": "荒川車庫前" }, "geometry": { "type": "Point", "coordinates": [ 139.752695, 35.7509045 ] } },
{ "type": "Feature", "properties": { "city": "Tokyo", "type": "tramstop", "x": 35.7386007, "y": 139.7846408, "gid": 19897, "Name": "荒川二丁目" }, "geometry": { "type": "Point", "coordinates": [ 139.7846408, 35.7386007 ] } },
{ "type": "Feature", "properties": { "city": "Tokyo", "type": "tramstop", "x": 35.7506775, "y": 139.7576872, "gid": 19910, "Name": "荒川遊園地前" }, "geometry": { "type": "Point", "coordinates": [ 139.7576872, 35.7506775 ] } },
{ "type": "Feature", "properties": { "city": "Tokyo", "type": "station", "x": 35.7135428, "y": 139.7045937, "gid": 6539, "Name": "高田馬場" }, "geometry": { "type": "Point", "coordinates": [ 139.7045937, 35.7135428 ] } },
{ "type": "Feature", "properties": { "city": "Tokyo", "type": "station", "x": 35.7685095, "y": 139.7706994, "gid": 6283, "Name": "高野" }, "geometry": { "type": "Point", "coordinates": [ 139.770699400000012, 35.7685095 ] } },
{ "type": "Feature", "properties": { "city": "Tokyo", "type": "station", "x": 35.6354137, "y": 139.7406878, "gid": 6405, "Name": "高輪ゲートウェイ" }, "geometry": { "type": "Point", "coordinates": [ 139.740687799999989, 35.6354137 ] } },
{ "type": "Feature", "properties": { "city": "Tokyo", "type": "station", "x": 35.6317345, "y": 139.7304256, "gid": 6452, "Name": "高輪台" }, "geometry": { "type": "Point", "coordinates": [ 139.7304256, 35.6317345 ] } },
{ "type": "Feature", "properties": { "city": "Tokyo", "type": "station", "x": 35.6840122, "y": 139.7376106, "gid": 6420, "Name": "麹町" }, "geometry": { "type": "Point", "coordinates": [ 139.737610600000011, 35.6840122 ] } },
{ "type": "Feature", "properties": { "city": "Tokyo", "type": "station", "x": 35.6737434, "y": 139.7434517, "gid": 6397, "Name": "国会議事堂前" }, "geometry": { "type": "Point", "coordinates": [ 139.7434517, 35.6737434 ] } },
{ "type": "Feature", "properties": { "city": "Tokyo", "type": "station", "x": 35.6344374, "y": 139.7917555, "gid": 6209, "Name": "国際展示場" }, "geometry": { "type": "Point", "coordinates": [ 139.7917555, 35.6344374 ] } },
{ "type": "Feature", "properties": { "city": "Tokyo", "type": "station", "x": 35.6801613, "y": 139.7139261, "gid": 6503, "Name": "国立競技場" }, "geometry": { "type": "Point", "coordinates": [ 139.7139261, 35.6801613 ] } },
{ "type": "Feature", "properties": { "city": "Tokyo", "type": "station", "x": 35.7173914, "y": 139.7657175, "gid": 6309, "Name": "根津" }, "geometry": { "type": "Point", "coordinates": [ 139.7657175, 35.7173914 ] } },
{ "type": "Feature", "properties": { "city": "Tokyo", "type": "station", "x": 35.6774009, "y": 139.7515757, "gid": 6364, "Name": "桜田門" }, "geometry": { "type": "Point", "coordinates": [ 139.751575699999989, 35.6774009 ] } },
{ "type": "Feature", "properties": { "city": "Tokyo", "type": "station", "x": 35.6736448, "y": 139.6671205, "gid": 6660, "Name": "笹塚" }, "geometry": { "type": "Point", "coordinates": [ 139.66712050000001, 35.6736448 ] } },
{ "type": "Feature", "properties": { "city": "Tokyo", "type": "station", "x": 35.7202506, "y": 139.7147752, "gid": 6501, "Name": "雑司が谷" }, "geometry": { "type": "Point", "coordinates": [ 139.7147752, 35.7202506 ] } },
{ "type": "Feature", "properties": { "city": "Tokyo", "type": "station", "x": 35.6050235, "y": 139.7422644, "gid": 6399, "Name": "鮫洲" }, "geometry": { "type": "Point", "coordinates": [ 139.74226440000001, 35.6050235 ] } },
{ "type": "Feature", "properties": { "city": "Tokyo", "type": "station", "x": 35.7295502, "y": 139.7913004, "gid": 6211, "Name": "三ノ輪" }, "geometry": { "type": "Point", "coordinates": [ 139.791300400000011, 35.7295502 ] } },
{ "type": "Feature", "properties": { "city": "Tokyo", "type": "tramstop", "x": 35.732138, "y": 139.7916028, "gid": 19896, "Name": "三ノ輪橋" }, "geometry": { "type": "Point", "coordinates": [ 139.7916028, 35.732138 ] } },
{ "type": "Feature", "properties": { "city": "Tokyo", "type": "station", "x": 35.6861493, "y": 139.7739958, "gid": 6262, "Name": "三越前" }, "geometry": { "type": "Point", "coordinates": [ 139.7739958, 35.6861493 ] } },
{ "type": "Feature", "properties": { "city": "Tokyo", "type": "station", "x": 35.7333412, "y": 139.7774122, "gid": 6250, "Name": "三河島" }, "geometry": { "type": "Point", "coordinates": [ 139.777412199999986, 35.7333412 ] } },
{ "type": "Feature", "properties": { "city": "Tokyo", "type": "station", "x": 35.6435178, "y": 139.6712704, "gid": 6647, "Name": "三軒茶屋" }, "geometry": { "type": "Point", "coordinates": [ 139.6712704, 35.6435178 ] } },
{ "type": "Feature", "properties": { "city": "Tokyo", "type": "station", "x": 35.6481343, "y": 139.7488754, "gid": 6378, "Name": "三田" }, "geometry": { "type": "Point", "coordinates": [ 139.7488754, 35.6481343 ] } },
{ "type": "Feature", "properties": { "city": "Tokyo", "type": "station", "x": 35.6787765, "y": 139.693702, "gid": 6587, "Name": "参宮橋" }, "geometry": { "type": "Point", "coordinates": [ 139.693702, 35.6787765 ] } },
{ "type": "Feature", "properties": { "city": "Tokyo", "type": "station", "x": 35.7524731, "y": 139.7367814, "gid": 6427, "Name": "山頂" }, "geometry": { "type": "Point", "coordinates": [ 139.736781400000012, 35.7524731 ] } },
{ "type": "Feature", "properties": { "city": "Tokyo", "type": "station", "x": 35.6860713, "y": 139.7306211, "gid": 6450, "Name": "四ツ谷" }, "geometry": { "type": "Point", "coordinates": [ 139.7306211, 35.6860713 ] } },
{ "type": "Feature", "properties": { "city": "Tokyo", "type": "station", "x": 35.7317359, "y": 139.8348327, "gid": 6145, "Name": "四ツ木" }, "geometry": { "type": "Point", "coordinates": [ 139.8348327, 35.7317359 ] } },
{ "type": "Feature", "properties": { "city": "Tokyo", "type": "station", "x": 35.6879717, "y": 139.7205672, "gid": 6484, "Name": "四谷三丁目" }, "geometry": { "type": "Point", "coordinates": [ 139.7205672, 35.6879717 ] } },
{ "type": "Feature", "properties": { "city": "Tokyo", "type": "station", "x": 35.6915471, "y": 139.7376683, "gid": 6419, "Name": "市ヶ谷" }, "geometry": { "type": "Point", "coordinates": [ 139.7376683, 35.6915471 ] } },
{ "type": "Feature", "properties": { "city": "Tokyo", "type": "station", "x": 35.645771, "y": 139.7857992, "gid": 6223, "Name": "市場前" }, "geometry": { "type": "Point", "coordinates": [ 139.785799200000014, 35.645771 ] } },
{ "type": "Feature", "properties": { "city": "Tokyo", "type": "station", "x": 35.6632578, "y": 139.7603138, "gid": 6330, "Name": "汐留" }, "geometry": { "type": "Point", "coordinates": [ 139.7603138, 35.6632578 ] } },
{ "type": "Feature", "properties": { "city": "Tokyo", "type": "station", "x": 35.641723, "y": 139.7577759, "gid": 6345, "Name": "芝浦ふ頭" }, "geometry": { "type": "Point", "coordinates": [ 139.757775900000013, 35.641723 ] } },
{ "type": "Feature", "properties": { "city": "Tokyo", "type": "station", "x": 35.6536377, "y": 139.7498119, "gid": 6376, "Name": "芝公園" }, "geometry": { "type": "Point", "coordinates": [ 139.7498119, 35.6536377 ] } },
{ "type": "Feature", "properties": { "city": "Tokyo", "type": "station", "x": 35.6992849, "y": 139.7184084, "gid": 6489, "Name": "若松河田" }, "geometry": { "type": "Point", "coordinates": [ 139.718408399999987, 35.6992849 ] } },
{ "type": "Feature", "properties": { "city": "Tokyo", "type": "station", "x": 35.6984193, "y": 139.7755304, "gid": 6257, "Name": "秋葉原" }, "geometry": { "type": "Point", "coordinates": [ 139.7755304, 35.6984193 ] } },
{ "type": "Feature", "properties": { "city": "Tokyo", "type": "station", "x": 35.6890174, "y": 139.8157296, "gid": 6169, "Name": "住吉" }, "geometry": { "type": "Point", "coordinates": [ 139.8157296, 35.6890174 ] } },
{ "type": "Feature", "properties": { "city": "Tokyo", "type": "station", "x": 35.7600586, "y": 139.7222991, "gid": 6477, "Name": "十条" }, "geometry": { "type": "Point", "coordinates": [ 139.722299099999987, 35.7600586 ] } },
{ "type": "Feature", "properties": { "city": "Tokyo", "type": "station", "x": 35.6584741, "y": 139.7029377, "gid": 6548, "Name": "渋谷" }, "geometry": { "type": "Point", "coordinates": [ 139.7029377, 35.6584741 ] } },
{ "type": "Feature", "properties": { "city": "Tokyo", "type": "station", "x": 35.7097979, "y": 139.7531843, "gid": 6358, "Name": "春日" }, "geometry": { "type": "Point", "coordinates": [ 139.753184299999987, 35.7097979 ] } },
{ "type": "Feature", "properties": { "city": "Tokyo", "type": "station", "x": 35.6816399, "y": 139.6871239, "gid": 6604, "Name": "初台" }, "geometry": { "type": "Point", "coordinates": [ 139.687123899999989, 35.6816399 ] } },
{ "type": "Feature", "properties": { "city": "Tokyo", "type": "station", "x": 35.6924125, "y": 139.7228564, "gid": 6475, "Name": "曙橋" }, "geometry": { "type": "Point", "coordinates": [ 139.722856400000012, 35.6924125 ] } },
{ "type": "Feature", "properties": { "city": "Tokyo", "type": "station", "x": 35.6589623, "y": 139.7771747, "gid": 6251, "Name": "勝どき" }, "geometry": { "type": "Point", "coordinates": [ 139.777174699999989, 35.6589623 ] } },
{ "type": "Feature", "properties": { "city": "Tokyo", "type": "station", "x": 35.7586732, "y": 139.8126428, "gid": 6173, "Name": "小菅" }, "geometry": { "type": "Point", "coordinates": [ 139.8126428, 35.7586732 ] } },
{ "type": "Feature", "properties": { "city": "Tokyo", "type": "station", "x": 35.6949465, "y": 139.7662986, "gid": 6307, "Name": "小川町" }, "geometry": { "type": "Point", "coordinates": [ 139.7662986, 35.6949465 ] } },
{ "type": "Feature", "properties": { "city": "Tokyo", "type": "station", "x": 35.7103615, "y": 139.8275533, "gid": 6151, "Name": "小村井" }, "geometry": { "type": "Point", "coordinates": [ 139.8275533, 35.7103615 ] } },
{ "type": "Feature", "properties": { "city": "Tokyo", "type": "tramstop", "x": 35.7505238, "y": 139.7623959, "gid": 19870, "Name": "小台" }, "geometry": { "type": "Point", "coordinates": [ 139.7623959, 35.7505238 ] } },
{ "type": "Feature", "properties": { "city": "Tokyo", "type": "station", "x": 35.6907503, "y": 139.7784238, "gid": 6247, "Name": "小伝馬町" }, "geometry": { "type": "Point", "coordinates": [ 139.778423800000013, 35.6907503 ] } },
{ "type": "Feature", "properties": { "city": "Tokyo", "type": "station", "x": 35.7337353, "y": 139.8205233, "gid": 6161, "Name": "鐘ヶ淵" }, "geometry": { "type": "Point", "coordinates": [ 139.8205233, 35.7337353 ] } },
{ "type": "Feature", "properties": { "city": "Tokyo", "type": "station", "x": 35.7465709, "y": 139.7469064, "gid": 6385, "Name": "上中里" }, "geometry": { "type": "Point", "coordinates": [ 139.7469064, 35.7465709 ] } },
{ "type": "Feature", "properties": { "city": "Tokyo", "type": "station", "x": 35.7117896, "y": 139.7775976, "gid": 6249, "Name": "上野" }, "geometry": { "type": "Point", "coordinates": [ 139.7775976, 35.7117896 ] } },
{ "type": "Feature", "properties": { "city": "Tokyo", "type": "station", "x": 35.7079766, "y": 139.7732996, "gid": 6268, "Name": "上野御徒町" }, "geometry": { "type": "Point", "coordinates": [ 139.7732996, 35.7079766 ] } },
{ "type": "Feature", "properties": { "city": "Tokyo", "type": "station", "x": 35.7078328, "y": 139.7729909, "gid": 6272, "Name": "上野広小路" }, "geometry": { "type": "Point", "coordinates": [ 139.7729909, 35.7078328 ] } },
{ "type": "Feature", "properties": { "city": "Tokyo", "type": "station", "x": 35.680168, "y": 139.7198803, "gid": 6485, "Name": "信濃町" }, "geometry": { "type": "Point", "coordinates": [ 139.7198803, 35.680168 ] } },
{ "type": "Feature", "properties": { "city": "Tokyo", "type": "station", "x": 35.7157294, "y": 139.672568, "gid": 6645, "Name": "新井薬師前" }, "geometry": { "type": "Point", "coordinates": [ 139.672568, 35.7157294 ] } },
{ "type": "Feature", "properties": { "city": "Tokyo", "type": "station", "x": 35.6653482, "y": 139.7598936, "gid": 6334, "Name": "新橋" }, "geometry": { "type": "Point", "coordinates": [ 139.7598936, 35.6653482 ] } },
{ "type": "Feature", "properties": { "city": "Tokyo", "type": "station", "x": 35.6972185, "y": 139.7656264, "gid": 6310, "Name": "新御茶ノ水" }, "geometry": { "type": "Point", "coordinates": [ 139.7656264, 35.6972185 ] } },
{ "type": "Feature", "properties": { "city": "Tokyo", "type": "station", "x": 35.70706, "y": 139.7820462, "gid": 6235, "Name": "新御徒町" }, "geometry": { "type": "Point", "coordinates": [ 139.7820462, 35.70706 ] } },
{ "type": "Feature", "properties": { "city": "Tokyo", "type": "tramstop", "x": 35.7413189, "y": 139.730465, "gid": 19867, "Name": "新庚申塚" }, "geometry": { "type": "Point", "coordinates": [ 139.730465, 35.7413189 ] } },
{ "type": "Feature", "properties": { "city": "Tokyo", "type": "station", "x": 35.7372049, "y": 139.7739458, "gid": 6263, "Name": "新三河島" }, "geometry": { "type": "Point", "coordinates": [ 139.7739458, 35.7372049 ] } },
{ "type": "Feature", "properties": { "city": "Tokyo", "type": "station", "x": 35.6891183, "y": 139.7010768, "gid": 6560, "Name": "新宿" }, "geometry": { "type": "Point", "coordinates": [ 139.70107680000001, 35.6891183 ] } },
{ "type": "Feature", "properties": { "city": "Tokyo", "type": "station", "x": 35.6886018, "y": 139.7107141, "gid": 6517, "Name": "新宿御苑前" }, "geometry": { "type": "Point", "coordinates": [ 139.7107141, 35.6886018 ] } },
{ "type": "Feature", "properties": { "city": "Tokyo", "type": "station", "x": 35.6906011, "y": 139.70626, "gid": 6531, "Name": "新宿三丁目" }, "geometry": { "type": "Point", "coordinates": [ 139.70626, 35.6906011 ] } },
{ "type": "Feature", "properties": { "city": "Tokyo", "type": "station", "x": 35.6931366, "y": 139.6991763, "gid": 6572, "Name": "新宿西口" }, "geometry": { "type": "Point", "coordinates": [ 139.6991763, 35.6931366 ] } },
{ "type": "Feature", "properties": { "city": "Tokyo", "type": "station", "x": 35.7169502, "y": 139.8579929, "gid": 6136, "Name": "新小岩" }, "geometry": { "type": "Point", "coordinates": [ 139.8579929, 35.7169502 ] } },
{ "type": "Feature", "properties": { "city": "Tokyo", "type": "station", "x": 35.662651, "y": 139.661052, "gid": 6675, "Name": "新代田" }, "geometry": { "type": "Point", "coordinates": [ 139.661052, 35.662651 ] } },
{ "type": "Feature", "properties": { "city": "Tokyo", "type": "station", "x": 35.7013007, "y": 139.7002421, "gid": 6566, "Name": "新大久保" }, "geometry": { "type": "Point", "coordinates": [ 139.7002421, 35.7013007 ] } },
{ "type": "Feature", "properties": { "city": "Tokyo", "type": "station", "x": 35.7257925, "y": 139.7299314, "gid": 6453, "Name": "新大塚" }, "geometry": { "type": "Point", "coordinates": [ 139.7299314, 35.7257925 ] } },
{ "type": "Feature", "properties": { "city": "Tokyo", "type": "station", "x": 35.6974945, "y": 139.6686269, "gid": 6655, "Name": "新中野" }, "geometry": { "type": "Point", "coordinates": [ 139.6686269, 35.6974945 ] } },
{ "type": "Feature", "properties": { "city": "Tokyo", "type": "station", "x": 35.6886958, "y": 139.7730478, "gid": 6271, "Name": "新日本橋" }, "geometry": { "type": "Point", "coordinates": [ 139.7730478, 35.6886958 ] } },
{ "type": "Feature", "properties": { "city": "Tokyo", "type": "station", "x": 35.6165076, "y": 139.7414639, "gid": 6403, "Name": "新馬場" }, "geometry": { "type": "Point", "coordinates": [ 139.741463900000014, 35.6165076 ] } },
{ "type": "Feature", "properties": { "city": "Tokyo", "type": "station", "x": 35.7488551, "y": 139.7192904, "gid": 6488, "Name": "新板橋" }, "geometry": { "type": "Point", "coordinates": [ 139.7192904, 35.7488551 ] } },
{ "type": "Feature", "properties": { "city": "Tokyo", "type": "station", "x": 35.6706266, "y": 139.7734288, "gid": 6266, "Name": "新富町" }, "geometry": { "type": "Point", "coordinates": [ 139.7734288, 35.6706266 ] } },
{ "type": "Feature", "properties": { "city": "Tokyo", "type": "station", "x": 35.6487704, "y": 139.790212, "gid": 6216, "Name": "新豊洲" }, "geometry": { "type": "Point", "coordinates": [ 139.790212, 35.6487704 ] } },
{ "type": "Feature", "properties": { "city": "Tokyo", "type": "station", "x": 35.6461421, "y": 139.8273679, "gid": 6153, "Name": "新木場" }, "geometry": { "type": "Point", "coordinates": [ 139.827367900000013, 35.6461421 ] } },
{ "type": "Feature", "properties": { "city": "Tokyo", "type": "station", "x": 35.687976, "y": 139.7972072, "gid": 6197, "Name": "森下" }, "geometry": { "type": "Point", "coordinates": [ 139.7972072, 35.687976 ] } },
{ "type": "Feature", "properties": { "city": "Tokyo", "type": "station", "x": 35.7039298, "y": 139.7341347, "gid": 6442, "Name": "神楽坂" }, "geometry": { "type": "Point", "coordinates": [ 139.7341347, 35.7039298 ] } },
{ "type": "Feature", "properties": { "city": "Tokyo", "type": "station", "x": 35.6572282, "y": 139.6936431, "gid": 6588, "Name": "神泉" }, "geometry": { "type": "Point", "coordinates": [ 139.6936431, 35.6572282 ] } },
{ "type": "Feature", "properties": { "city": "Tokyo", "type": "station", "x": 35.662964, "y": 139.7450477, "gid": 6391, "Name": "神谷町" }, "geometry": { "type": "Point", "coordinates": [ 139.745047699999986, 35.662964 ] } },
{ "type": "Feature", "properties": { "city": "Tokyo", "type": "station", "x": 35.6917842, "y": 139.770917, "gid": 6279, "Name": "神田" }, "geometry": { "type": "Point", "coordinates": [ 139.770917, 35.6917842 ] } },
{ "type": "Feature", "properties": { "city": "Tokyo", "type": "station", "x": 35.6960198, "y": 139.7583877, "gid": 6340, "Name": "神保町" }, "geometry": { "type": "Point", "coordinates": [ 139.758387699999986, 35.6960198 ] } },
{ "type": "Feature", "properties": { "city": "Tokyo", "type": "station", "x": 35.6863049, "y": 139.7822301, "gid": 6234, "Name": "人形町" }, "geometry": { "type": "Point", "coordinates": [ 139.7822301, 35.6863049 ] } },
{ "type": "Feature", "properties": { "city": "Tokyo", "type": "station", "x": 35.6825235, "y": 139.7856405, "gid": 6224, "Name": "水天宮前" }, "geometry": { "type": "Point", "coordinates": [ 139.7856405, 35.6825235 ] } },
{ "type": "Feature", "properties": { "city": "Tokyo", "type": "station", "x": 35.7035144, "y": 139.7551538, "gid": 6350, "Name": "水道橋" }, "geometry": { "type": "Point", "coordinates": [ 139.755153799999988, 35.7035144 ] } },
{ "type": "Feature", "properties": { "city": "Tokyo", "type": "station", "x": 35.6582416, "y": 139.6612148, "gid": 6674, "Name": "世田谷代田" }, "geometry": { "type": "Point", "coordinates": [ 139.66121480000001, 35.6582416 ] } },
{ "type": "Feature", "properties": { "city": "Tokyo", "type": "station", "x": 35.6820467, "y": 139.7987913, "gid": 6191, "Name": "清澄白河" }, "geometry": { "type": "Point", "coordinates": [ 139.7987913, 35.6820467 ] } },
{ "type": "Feature", "properties": { "city": "Tokyo", "type": "station", "x": 35.7460255, "y": 139.7422068, "gid": 6400, "Name": "西ケ原" }, "geometry": { "type": "Point", "coordinates": [ 139.7422068, 35.7460255 ] } },
{ "type": "Feature", "properties": { "city": "Tokyo", "type": "tramstop", "x": 35.7444218, "y": 139.7327979, "gid": 19878, "Name": "西ヶ原四丁目" }, "geometry": { "type": "Point", "coordinates": [ 139.7327979, 35.7444218 ] } },
{ "type": "Feature", "properties": { "city": "Tokyo", "type": "station", "x": 35.6645795, "y": 139.8593173, "gid": 6135, "Name": "西葛西" }, "geometry": { "type": "Point", "coordinates": [ 139.859317299999987, 35.6645795 ] } },
{ "type": "Feature", "properties": { "city": "Tokyo", "type": "station", "x": 35.6154993, "y": 139.6986894, "gid": 6577, "Name": "西小山" }, "geometry": { "type": "Point", "coordinates": [ 139.6986894, 35.6154993 ] } },
{ "type": "Feature", "properties": { "city": "Tokyo", "type": "station", "x": 35.6944106, "y": 139.6927681, "gid": 6591, "Name": "西新宿" }, "geometry": { "type": "Point", "coordinates": [ 139.6927681, 35.6944106 ] } },
{ "type": "Feature", "properties": { "city": "Tokyo", "type": "station", "x": 35.6898839, "y": 139.6845183, "gid": 6617, "Name": "西新宿五丁目" }, "geometry": { "type": "Point", "coordinates": [ 139.6845183, 35.6898839 ] } },
{ "type": "Feature", "properties": { "city": "Tokyo", "type": "station", "x": 35.7079347, "y": 139.7090404, "gid": 6522, "Name": "西早稲田" }, "geometry": { "type": "Point", "coordinates": [ 139.7090404, 35.7079347 ] } },
{ "type": "Feature", "properties": { "city": "Tokyo", "type": "station", "x": 35.7437367, "y": 139.7285333, "gid": 6457, "Name": "西巣鴨" }, "geometry": { "type": "Point", "coordinates": [ 139.7285333, 35.7437367 ] } },
{ "type": "Feature", "properties": { "city": "Tokyo", "type": "station", "x": 35.6445861, "y": 139.666303, "gid": 6663, "Name": "西太子堂" }, "geometry": { "type": "Point", "coordinates": [ 139.666303, 35.6445861 ] } },
{ "type": "Feature", "properties": { "city": "Tokyo", "type": "station", "x": 35.6018658, "y": 139.7216714, "gid": 6480, "Name": "西大井" }, "geometry": { "type": "Point", "coordinates": [ 139.7216714, 35.6018658 ] } },
{ "type": "Feature", "properties": { "city": "Tokyo", "type": "station", "x": 35.6893904, "y": 139.8266043, "gid": 6158, "Name": "西大島" }, "geometry": { "type": "Point", "coordinates": [ 139.826604300000014, 35.6893904 ] } },
{ "type": "Feature", "properties": { "city": "Tokyo", "type": "station", "x": 35.7337333, "y": 139.7681087, "gid": 6296, "Name": "西日暮里" }, "geometry": { "type": "Point", "coordinates": [ 139.7681087, 35.7337333 ] } },
{ "type": "Feature", "properties": { "city": "Tokyo", "type": "station", "x": 35.6960899, "y": 139.7000075, "gid": 6567, "Name": "西武新宿" }, "geometry": { "type": "Point", "coordinates": [ 139.7000075, 35.6960899 ] } },
{ "type": "Feature", "properties": { "city": "Tokyo", "type": "station", "x": 35.6247042, "y": 139.7812264, "gid": 6239, "Name": "青海" }, "geometry": { "type": "Point", "coordinates": [ 139.7812264, 35.6247042 ] } },
{ "type": "Feature", "properties": { "city": "Tokyo", "type": "station", "x": 35.6727797, "y": 139.7240186, "gid": 6472, "Name": "青山一丁目" }, "geometry": { "type": "Point", "coordinates": [ 139.7240186, 35.6727797 ] } },
{ "type": "Feature", "properties": { "city": "Tokyo", "type": "station", "x": 35.6088735, "y": 139.7430769, "gid": 6398, "Name": "青物横丁" }, "geometry": { "type": "Point", "coordinates": [ 139.7430769, 35.6088735 ] } },
{ "type": "Feature", "properties": { "city": "Tokyo", "type": "station", "x": 35.6550406, "y": 139.7439828, "gid": 6394, "Name": "赤羽橋" }, "geometry": { "type": "Point", "coordinates": [ 139.7439828, 35.6550406 ] } },
{ "type": "Feature", "properties": { "city": "Tokyo", "type": "station", "x": 35.672224, "y": 139.736388, "gid": 6429, "Name": "赤坂" }, "geometry": { "type": "Point", "coordinates": [ 139.736388, 35.672224 ] } },
{ "type": "Feature", "properties": { "city": "Tokyo", "type": "station", "x": 35.6763536, "y": 139.7375965, "gid": 6421, "Name": "赤坂見附" }, "geometry": { "type": "Point", "coordinates": [ 139.7375965, 35.6763536 ] } },
{ "type": "Feature", "properties": { "city": "Tokyo", "type": "station", "x": 35.7428607, "y": 139.7690418, "gid": 6294, "Name": "赤土小学校前" }, "geometry": { "type": "Point", "coordinates": [ 139.7690418, 35.7428607 ] } },
{ "type": "Feature", "properties": { "city": "Tokyo", "type": "station", "x": 35.7424544, "y": 139.7967137, "gid": 6198, "Name": "千住大橋" }, "geometry": { "type": "Point", "coordinates": [ 139.7967137, 35.7424544 ] } },
{ "type": "Feature", "properties": { "city": "Tokyo", "type": "station", "x": 35.7282717, "y": 139.7441698, "gid": 6393, "Name": "千石" }, "geometry": { "type": "Point", "coordinates": [ 139.7441698, 35.7282717 ] } },
{ "type": "Feature", "properties": { "city": "Tokyo", "type": "station", "x": 35.7382992, "y": 139.6893888, "gid": 6601, "Name": "千川" }, "geometry": { "type": "Point", "coordinates": [ 139.689388799999989, 35.7382992 ] } },
{ "type": "Feature", "properties": { "city": "Tokyo", "type": "station", "x": 35.6812658, "y": 139.7113311, "gid": 6514, "Name": "千駄ケ谷" }, "geometry": { "type": "Point", "coordinates": [ 139.7113311, 35.6812658 ] } },
{ "type": "Feature", "properties": { "city": "Tokyo", "type": "station", "x": 35.7256156, "y": 139.7633859, "gid": 6320, "Name": "千駄木" }, "geometry": { "type": "Point", "coordinates": [ 139.7633859, 35.7256156 ] } },
{ "type": "Feature", "properties": { "city": "Tokyo", "type": "station", "x": 35.7639694, "y": 139.7708262, "gid": 6281, "Name": "扇大橋" }, "geometry": { "type": "Point", "coordinates": [ 139.770826199999988, 35.7639694 ] } },
{ "type": "Feature", "properties": { "city": "Tokyo", "type": "station", "x": 35.6388259, "y": 139.7401151, "gid": 6408, "Name": "泉岳寺" }, "geometry": { "type": "Point", "coordinates": [ 139.7401151, 35.6388259 ] } },
{ "type": "Feature", "properties": { "city": "Tokyo", "type": "station", "x": 35.7118142, "y": 139.7982436, "gid": 6193, "Name": "浅草" }, "geometry": { "type": "Point", "coordinates": [ 139.7982436, 35.7118142 ] } },
{ "type": "Feature", "properties": { "city": "Tokyo", "type": "station", "x": 35.6973621, "y": 139.7863289, "gid": 6221, "Name": "浅草橋" }, "geometry": { "type": "Point", "coordinates": [ 139.7863289, 35.6973621 ] } },
{ "type": "Feature", "properties": { "city": "Tokyo", "type": "station", "x": 35.6838254, "y": 139.8643034, "gid": 6133, "Name": "船堀" }, "geometry": { "type": "Point", "coordinates": [ 139.864303400000011, 35.6838254 ] } },
{ "type": "Feature", "properties": { "city": "Tokyo", "type": "station", "x": 35.7058028, "y": 139.721191, "gid": 6481, "Name": "早稲田" }, "geometry": { "type": "Point", "coordinates": [ 139.721191, 35.7058028 ] } },
{ "type": "Feature", "properties": { "city": "Tokyo", "type": "station", "x": 35.7334119, "y": 139.7394273, "gid": 6410, "Name": "巣鴨" }, "geometry": { "type": "Point", "coordinates": [ 139.739427299999988, 35.7334119 ] } },
{ "type": "Feature", "properties": { "city": "Tokyo", "type": "tramstop", "x": 35.7353947, "y": 139.7278132, "gid": 19869, "Name": "巣鴨新田" }, "geometry": { "type": "Point", "coordinates": [ 139.727813200000014, 35.7353947 ] } },
{ "type": "Feature", "properties": { "city": "Tokyo", "type": "station", "x": 35.7054697, "y": 139.7924303, "gid": 6207, "Name": "蔵前" }, "geometry": { "type": "Point", "coordinates": [ 139.7924303, 35.7054697 ] } },
{ "type": "Feature", "properties": { "city": "Tokyo", "type": "station", "x": 35.7546937, "y": 139.7703819, "gid": 6285, "Name": "足立小台" }, "geometry": { "type": "Point", "coordinates": [ 139.7703819, 35.7546937 ] } },
{ "type": "Feature", "properties": { "city": "Tokyo", "type": "station", "x": 35.648157, "y": 139.703293, "gid": 6546, "Name": "代官山" }, "geometry": { "type": "Point", "coordinates": [ 139.703293, 35.648157 ] } },
{ "type": "Feature", "properties": { "city": "Tokyo", "type": "station", "x": 35.6835694, "y": 139.7015967, "gid": 6559, "Name": "代々木" }, "geometry": { "type": "Point", "coordinates": [ 139.70159670000001, 35.6835694 ] } },
{ "type": "Feature", "properties": { "city": "Tokyo", "type": "station", "x": 35.6690323, "y": 139.6901224, "gid": 6600, "Name": "代々木公園" }, "geometry": { "type": "Point", "coordinates": [ 139.6901224, 35.6690323 ] } },
{ "type": "Feature", "properties": { "city": "Tokyo", "type": "station", "x": 35.669008, "y": 139.679787, "gid": 6629, "Name": "代々木上原" }, "geometry": { "type": "Point", "coordinates": [ 139.679787, 35.669008 ] } },
{ "type": "Feature", "properties": { "city": "Tokyo", "type": "station", "x": 35.6696211, "y": 139.6888398, "gid": 6602, "Name": "代々木八幡" }, "geometry": { "type": "Point", "coordinates": [ 139.688839800000011, 35.6696211 ] } },
{ "type": "Feature", "properties": { "city": "Tokyo", "type": "station", "x": 35.6709596, "y": 139.6587527, "gid": 6680, "Name": "代田橋" }, "geometry": { "type": "Point", "coordinates": [ 139.6587527, 35.6709596 ] } },
{ "type": "Feature", "properties": { "city": "Tokyo", "type": "station", "x": 35.6259018, "y": 139.7714216, "gid": 6276, "Name": "台場" }, "geometry": { "type": "Point", "coordinates": [ 139.7714216, 35.6259018 ] } },
{ "type": "Feature", "properties": { "city": "Tokyo", "type": "station", "x": 35.5951172, "y": 139.7470539, "gid": 6384, "Name": "大井競馬場前" }, "geometry": { "type": "Point", "coordinates": [ 139.7470539, 35.5951172 ] } },
{ "type": "Feature", "properties": { "city": "Tokyo", "type": "station", "x": 35.6063886, "y": 139.7348819, "gid": 6439, "Name": "大井町" }, "geometry": { "type": "Point", "coordinates": [ 139.7348819, 35.6063886 ] } },
{ "type": "Feature", "properties": { "city": "Tokyo", "type": "station", "x": 35.7007911, "y": 139.6973187, "gid": 6580, "Name": "大久保" }, "geometry": { "type": "Point", "coordinates": [ 139.697318700000011, 35.7007911 ] } },
{ "type": "Feature", "properties": { "city": "Tokyo", "type": "station", "x": 35.6193759, "y": 139.728474, "gid": 6458, "Name": "大崎" }, "geometry": { "type": "Point", "coordinates": [ 139.728474, 35.6193759 ] } },
{ "type": "Feature", "properties": { "city": "Tokyo", "type": "station", "x": 35.6226771, "y": 139.7226985, "gid": 6476, "Name": "大崎広小路" }, "geometry": { "type": "Point", "coordinates": [ 139.7226985, 35.6226771 ] } },
{ "type": "Feature", "properties": { "city": "Tokyo", "type": "station", "x": 35.7486322, "y": 139.7024528, "gid": 6554, "Name": "大山" }, "geometry": { "type": "Point", "coordinates": [ 139.7024528, 35.7486322 ] } },
{ "type": "Feature", "properties": { "city": "Tokyo", "type": "station", "x": 35.6845931, "y": 139.7664606, "gid": 6306, "Name": "大手町" }, "geometry": { "type": "Point", "coordinates": [ 139.766460599999988, 35.6845931 ] } },
{ "type": "Feature", "properties": { "city": "Tokyo", "type": "station", "x": 35.7317401, "y": 139.7283438, "gid": 6461, "Name": "大塚" }, "geometry": { "type": "Point", "coordinates": [ 139.7283438, 35.7317401 ] } },
{ "type": "Feature", "properties": { "city": "Tokyo", "type": "tramstop", "x": 35.7314455, "y": 139.7292393, "gid": 19899, "Name": "大塚駅前" }, "geometry": { "type": "Point", "coordinates": [ 139.729239299999989, 35.7314455 ] } },
{ "type": "Feature", "properties": { "city": "Tokyo", "type": "station", "x": 35.6897695, "y": 139.835076, "gid": 6144, "Name": "大島" }, "geometry": { "type": "Point", "coordinates": [ 139.835076, 35.6897695 ] } },
{ "type": "Feature", "properties": { "city": "Tokyo", "type": "station", "x": 35.6567866, "y": 139.7547138, "gid": 6351, "Name": "大門" }, "geometry": { "type": "Point", "coordinates": [ 139.7547138, 35.6567866 ] } },
{ "type": "Feature", "properties": { "city": "Tokyo", "type": "tramstop", "x": 35.7473086, "y": 139.7353838, "gid": 19901, "Name": "滝野川一丁目" }, "geometry": { "type": "Point", "coordinates": [ 139.7353838, 35.7473086 ] } },
{ "type": "Feature", "properties": { "city": "Tokyo", "type": "station", "x": 35.6454772, "y": 139.8107392, "gid": 6176, "Name": "辰巳" }, "geometry": { "type": "Point", "coordinates": [ 139.8107392, 35.6454772 ] } },
{ "type": "Feature", "properties": { "city": "Tokyo", "type": "station", "x": 35.6951289, "y": 139.7674703, "gid": 6298, "Name": "淡路町" }, "geometry": { "type": "Point", "coordinates": [ 139.767470300000014, 35.6951289 ] } },
{ "type": "Feature", "properties": { "city": "Tokyo", "type": "station", "x": 35.6605515, "y": 139.67304, "gid": 6642, "Name": "池ノ上" }, "geometry": { "type": "Point", "coordinates": [ 139.67304, 35.6605515 ] } },
{ "type": "Feature", "properties": { "city": "Tokyo", "type": "station", "x": 35.650958, "y": 139.6846097, "gid": 6616, "Name": "池尻大橋" }, "geometry": { "type": "Point", "coordinates": [ 139.68460970000001, 35.650958 ] } },
{ "type": "Feature", "properties": { "city": "Tokyo", "type": "station", "x": 35.7301027, "y": 139.7118843, "gid": 6513, "Name": "池袋" }, "geometry": { "type": "Point", "coordinates": [ 139.7118843, 35.7301027 ] } },
{ "type": "Feature", "properties": { "city": "Tokyo", "type": "station", "x": 35.6680853, "y": 139.772563, "gid": 6273, "Name": "築地" }, "geometry": { "type": "Point", "coordinates": [ 139.772563, 35.6680853 ] } },
{ "type": "Feature", "properties": { "city": "Tokyo", "type": "station", "x": 35.6649018, "y": 139.7669312, "gid": 6304, "Name": "築地市場" }, "geometry": { "type": "Point", "coordinates": [ 139.766931199999988, 35.6649018 ] } },
{ "type": "Feature", "properties": { "city": "Tokyo", "type": "station", "x": 35.6900994, "y": 139.7587484, "gid": 6339, "Name": "竹橋" }, "geometry": { "type": "Point", "coordinates": [ 139.7587484, 35.6900994 ] } },
{ "type": "Feature", "properties": { "city": "Tokyo", "type": "station", "x": 35.6539736, "y": 139.761907, "gid": 6325, "Name": "竹芝" }, "geometry": { "type": "Point", "coordinates": [ 139.761907, 35.6539736 ] } },
{ "type": "Feature", "properties": { "city": "Tokyo", "type": "station", "x": 35.714067, "y": 139.6863482, "gid": 6606, "Name": "中井" }, "geometry": { "type": "Point", "coordinates": [ 139.6863482, 35.714067 ] } },
{ "type": "Feature", "properties": { "city": "Tokyo", "type": "station", "x": 35.6049434, "y": 139.7135715, "gid": 6504, "Name": "中延" }, "geometry": { "type": "Point", "coordinates": [ 139.7135715, 35.6049434 ] } },
{ "type": "Feature", "properties": { "city": "Tokyo", "type": "station", "x": 35.6441395, "y": 139.6988317, "gid": 6576, "Name": "中目黒" }, "geometry": { "type": "Point", "coordinates": [ 139.6988317, 35.6441395 ] } },
{ "type": "Feature", "properties": { "city": "Tokyo", "type": "station", "x": 35.7058859, "y": 139.6656276, "gid": 6664, "Name": "中野" }, "geometry": { "type": "Point", "coordinates": [ 139.6656276, 35.7058859 ] } },
{ "type": "Feature", "properties": { "city": "Tokyo", "type": "station", "x": 35.6972839, "y": 139.6829208, "gid": 6621, "Name": "中野坂上" }, "geometry": { "type": "Point", "coordinates": [ 139.6829208, 35.6972839 ] } },
{ "type": "Feature", "properties": { "city": "Tokyo", "type": "station", "x": 35.6917716, "y": 139.6740282, "gid": 6638, "Name": "中野新橋" }, "geometry": { "type": "Point", "coordinates": [ 139.6740282, 35.6917716 ] } },
{ "type": "Feature", "properties": { "city": "Tokyo", "type": "station", "x": 35.6905249, "y": 139.6669129, "gid": 6661, "Name": "中野富士見町" }, "geometry": { "type": "Point", "coordinates": [ 139.6669129, 35.6905249 ] } },
{ "type": "Feature", "properties": { "city": "Tokyo", "type": "station", "x": 35.7064914, "y": 139.7761952, "gid": 6254, "Name": "仲御徒町" }, "geometry": { "type": "Point", "coordinates": [ 139.776195199999989, 35.7064914 ] } },
{ "type": "Feature", "properties": { "city": "Tokyo", "type": "station", "x": 35.658929, "y": 139.8171928, "gid": 6167, "Name": "潮見" }, "geometry": { "type": "Point", "coordinates": [ 139.817192799999987, 35.658929 ] } },
{ "type": "Feature", "properties": { "city": "Tokyo", "type": "station", "x": 35.7422944, "y": 139.7814386, "gid": 6238, "Name": "町屋" }, "geometry": { "type": "Point", "coordinates": [ 139.7814386, 35.7422944 ] } },
{ "type": "Feature", "properties": { "city": "Tokyo", "type": "tramstop", "x": 35.742757, "y": 139.7809972, "gid": 19862, "Name": "町屋駅前" }, "geometry": { "type": "Point", "coordinates": [ 139.7809972, 35.742757 ] } },
{ "type": "Feature", "properties": { "city": "Tokyo", "type": "tramstop", "x": 35.7438578, "y": 139.7765843, "gid": 19861, "Name": "町屋二丁目" }, "geometry": { "type": "Point", "coordinates": [ 139.7765843, 35.7438578 ] } },
{ "type": "Feature", "properties": { "city": "Tokyo", "type": "station", "x": 35.7264476, "y": 139.6948922, "gid": 6584, "Name": "椎名町" }, "geometry": { "type": "Point", "coordinates": [ 139.6948922, 35.7264476 ] } },
{ "type": "Feature", "properties": { "city": "Tokyo", "type": "station", "x": 35.6205792, "y": 139.7508785, "gid": 6369, "Name": "天王洲アイル" }, "geometry": { "type": "Point", "coordinates": [ 139.7508785, 35.6205792 ] } },
{ "type": "Feature", "properties": { "city": "Tokyo", "type": "station", "x": 35.709842, "y": 139.7907747, "gid": 6213, "Name": "田原町" }, "geometry": { "type": "Point", "coordinates": [ 139.790774699999986, 35.709842 ] } },
{ "type": "Feature", "properties": { "city": "Tokyo", "type": "station", "x": 35.7373701, "y": 139.7617151, "gid": 6326, "Name": "田端" }, "geometry": { "type": "Point", "coordinates": [ 139.7617151, 35.7373701 ] } },
{ "type": "Feature", "properties": { "city": "Tokyo", "type": "station", "x": 35.6457358, "y": 139.7476833, "gid": 6382, "Name": "田町" }, "geometry": { "type": "Point", "coordinates": [ 139.7476833, 35.6457358 ] } },
{ "type": "Feature", "properties": { "city": "Tokyo", "type": "station", "x": 35.6906098, "y": 139.6928086, "gid": 6590, "Name": "都庁前" }, "geometry": { "type": "Point", "coordinates": [ 139.6928086, 35.6906098 ] } },
{ "type": "Feature", "properties": { "city": "Tokyo", "type": "tramstop", "x": 35.7243475, "y": 139.7181213, "gid": 19890, "Name": "都電雑司ヶ谷" }, "geometry": { "type": "Point", "coordinates": [ 139.7181213, 35.7243475 ] } },
{ "type": "Feature", "properties": { "city": "Tokyo", "type": "station", "x": 35.7070671, "y": 139.8318015, "gid": 6149, "Name": "東あずま" }, "geometry": { "type": "Point", "coordinates": [ 139.831801500000012, 35.7070671 ] } },
{ "type": "Feature", "properties": { "city": "Tokyo", "type": "station", "x": 35.64073, "y": 139.8036235, "gid": 6186, "Name": "東雲" }, "geometry": { "type": "Point", "coordinates": [ 139.803623499999986, 35.64073 ] } },
{ "type": "Feature", "properties": { "city": "Tokyo", "type": "station", "x": 35.6810912, "y": 139.7671861, "gid": 6301, "Name": "東京" }, "geometry": { "type": "Point", "coordinates": [ 139.7671861, 35.6810912 ] } },
{ "type": "Feature", "properties": { "city": "Tokyo", "type": "station", "x": 35.6276595, "y": 139.7787678, "gid": 6246, "Name": "東京テレポート" }, "geometry": { "type": "Point", "coordinates": [ 139.7787678, 35.6276595 ] } },
{ "type": "Feature", "properties": { "city": "Tokyo", "type": "station", "x": 35.630197, "y": 139.7913701, "gid": 6210, "Name": "東京ビッグサイト" }, "geometry": { "type": "Point", "coordinates": [ 139.7913701, 35.630197 ] } },
{ "type": "Feature", "properties": { "city": "Tokyo", "type": "station", "x": 35.621401, "y": 139.7730812, "gid": 6270, "Name": "東京国際クルーズターミナル" }, "geometry": { "type": "Point", "coordinates": [ 139.7730812, 35.621401 ] } },
{ "type": "Feature", "properties": { "city": "Tokyo", "type": "station", "x": 35.6699867, "y": 139.7672945, "gid": 6299, "Name": "東銀座" }, "geometry": { "type": "Point", "coordinates": [ 139.7672945, 35.6699867 ] } },
{ "type": "Feature", "properties": { "city": "Tokyo", "type": "station", "x": 35.7243341, "y": 139.8193077, "gid": 6164, "Name": "東向島" }, "geometry": { "type": "Point", "coordinates": [ 139.8193077, 35.7243341 ] } },
{ "type": "Feature", "properties": { "city": "Tokyo", "type": "station", "x": 35.7638484, "y": 139.7268749, "gid": 6464, "Name": "東十条" }, "geometry": { "type": "Point", "coordinates": [ 139.726874900000013, 35.7638484 ] } },
{ "type": "Feature", "properties": { "city": "Tokyo", "type": "station", "x": 35.698933, "y": 139.707695, "gid": 6526, "Name": "東新宿" }, "geometry": { "type": "Point", "coordinates": [ 139.707695, 35.698933 ] } },
{ "type": "Feature", "properties": { "city": "Tokyo", "type": "station", "x": 35.7173365, "y": 139.7581767, "gid": 6344, "Name": "東大前" }, "geometry": { "type": "Point", "coordinates": [ 139.7581767, 35.7173365 ] } },
{ "type": "Feature", "properties": { "city": "Tokyo", "type": "station", "x": 35.6903234, "y": 139.8459075, "gid": 6140, "Name": "東大島" }, "geometry": { "type": "Point", "coordinates": [ 139.84590750000001, 35.6903234 ] } },
{ "type": "Feature", "properties": { "city": "Tokyo", "type": "station", "x": 35.7256133, "y": 139.7194309, "gid": 6487, "Name": "東池袋" }, "geometry": { "type": "Point", "coordinates": [ 139.7194309, 35.7256133 ] } },
{ "type": "Feature", "properties": { "city": "Tokyo", "type": "tramstop", "x": 35.725208, "y": 139.7199545, "gid": 19894, "Name": "東池袋四丁目" }, "geometry": { "type": "Point", "coordinates": [ 139.7199545, 35.725208 ] } },
{ "type": "Feature", "properties": { "city": "Tokyo", "type": "station", "x": 35.7062503, "y": 139.6848675, "gid": 6615, "Name": "東中野" }, "geometry": { "type": "Point", "coordinates": [ 139.6848675, 35.7062503 ] } },
{ "type": "Feature", "properties": { "city": "Tokyo", "type": "station", "x": 35.7302608, "y": 139.6828643, "gid": 6622, "Name": "東長崎" }, "geometry": { "type": "Point", "coordinates": [ 139.6828643, 35.7302608 ] } },
{ "type": "Feature", "properties": { "city": "Tokyo", "type": "station", "x": 35.6921124, "y": 139.7848718, "gid": 6225, "Name": "東日本橋" }, "geometry": { "type": "Point", "coordinates": [ 139.7848718, 35.6921124 ] } },
{ "type": "Feature", "properties": { "city": "Tokyo", "type": "tramstop", "x": 35.7453411, "y": 139.7744553, "gid": 19885, "Name": "東尾久三丁目" }, "geometry": { "type": "Point", "coordinates": [ 139.7744553, 35.7453411 ] } },
{ "type": "Feature", "properties": { "city": "Tokyo", "type": "station", "x": 35.6656375, "y": 139.6733222, "gid": 6640, "Name": "東北沢" }, "geometry": { "type": "Point", "coordinates": [ 139.6733222, 35.6656375 ] } },
{ "type": "Feature", "properties": { "city": "Tokyo", "type": "station", "x": 35.6695961, "y": 139.8174761, "gid": 6165, "Name": "東陽町" }, "geometry": { "type": "Point", "coordinates": [ 139.8174761, 35.6695961 ] } },
{ "type": "Feature", "properties": { "city": "Tokyo", "type": "station", "x": 35.7073329, "y": 139.7700104, "gid": 6292, "Name": "湯島" }, "geometry": { "type": "Point", "coordinates": [ 139.7700104, 35.7073329 ] } },
{ "type": "Feature", "properties": { "city": "Tokyo", "type": "station", "x": 35.6692126, "y": 139.7552642, "gid": 6349, "Name": "内幸町" }, "geometry": { "type": "Point", "coordinates": [ 139.7552642, 35.6692126 ] } },
{ "type": "Feature", "properties": { "city": "Tokyo", "type": "station", "x": 35.6683446, "y": 139.8318642, "gid": 6148, "Name": "南砂町" }, "geometry": { "type": "Point", "coordinates": [ 139.831864200000012, 35.6683446 ] } },
{ "type": "Feature", "properties": { "city": "Tokyo", "type": "station", "x": 35.6837333, "y": 139.698905, "gid": 6575, "Name": "南新宿" }, "geometry": { "type": "Point", "coordinates": [ 139.698905, 35.6837333 ] } },
{ "type": "Feature", "properties": { "city": "Tokyo", "type": "station", "x": 35.7332554, "y": 139.7990037, "gid": 6189, "Name": "南千住" }, "geometry": { "type": "Point", "coordinates": [ 139.799003699999986, 35.7332554 ] } },
{ "type": "Feature", "properties": { "city": "Tokyo", "type": "station", "x": 35.6803213, "y": 139.7616161, "gid": 6327, "Name": "二重橋前〈丸の内〉" }, "geometry": { "type": "Point", "coordinates": [ 139.7616161, 35.6803213 ] } },
{ "type": "Feature", "properties": { "city": "Tokyo", "type": "station", "x": 35.6491556, "y": 139.7590874, "gid": 6337, "Name": "日の出" }, "geometry": { "type": "Point", "coordinates": [ 139.7590874, 35.6491556 ] } },
{ "type": "Feature", "properties": { "city": "Tokyo", "type": "station", "x": 35.6744511, "y": 139.7603743, "gid": 6329, "Name": "日比谷" }, "geometry": { "type": "Point", "coordinates": [ 139.7603743, 35.6744511 ] } },
{ "type": "Feature", "properties": { "city": "Tokyo", "type": "station", "x": 35.7289204, "y": 139.7713635, "gid": 6277, "Name": "日暮里" }, "geometry": { "type": "Point", "coordinates": [ 139.7713635, 35.7289204 ] } },
{ "type": "Feature", "properties": { "city": "Tokyo", "type": "station", "x": 35.6817189, "y": 139.7757853, "gid": 6256, "Name": "日本橋" }, "geometry": { "type": "Point", "coordinates": [ 139.7757853, 35.6817189 ] } },
{ "type": "Feature", "properties": { "city": "Tokyo", "type": "station", "x": 35.720733, "y": 139.7845271, "gid": 6230, "Name": "入谷" }, "geometry": { "type": "Point", "coordinates": [ 139.7845271, 35.720733 ] } },
{ "type": "Feature", "properties": { "city": "Tokyo", "type": "station", "x": 35.6666651, "y": 139.726365, "gid": 6466, "Name": "乃木坂" }, "geometry": { "type": "Point", "coordinates": [ 139.726365, 35.6666651 ] } },
{ "type": "Feature", "properties": { "city": "Tokyo", "type": "station", "x": 35.6921249, "y": 139.7827971, "gid": 6231, "Name": "馬喰横山" }, "geometry": { "type": "Point", "coordinates": [ 139.78279710000001, 35.6921249 ] } },
{ "type": "Feature", "properties": { "city": "Tokyo", "type": "station", "x": 35.6933502, "y": 139.7824528, "gid": 6233, "Name": "馬喰町" }, "geometry": { "type": "Point", "coordinates": [ 139.782452799999987, 35.6933502 ] } },
{ "type": "Feature", "properties": { "city": "Tokyo", "type": "station", "x": 35.6429019, "y": 139.7341274, "gid": 6443, "Name": "白金高輪" }, "geometry": { "type": "Point", "coordinates": [ 139.7341274, 35.6429019 ] } },
{ "type": "Feature", "properties": { "city": "Tokyo", "type": "station", "x": 35.6381027, "y": 139.7265652, "gid": 6465, "Name": "白金台" }, "geometry": { "type": "Point", "coordinates": [ 139.72656520000001, 35.6381027 ] } },
{ "type": "Feature", "properties": { "city": "Tokyo", "type": "station", "x": 35.7210717, "y": 139.7520578, "gid": 6361, "Name": "白山" }, "geometry": { "type": "Point", "coordinates": [ 139.752057799999989, 35.7210717 ] } },
{ "type": "Feature", "properties": { "city": "Tokyo", "type": "station", "x": 35.6772382, "y": 139.6767757, "gid": 6634, "Name": "幡ヶ谷" }, "geometry": { "type": "Point", "coordinates": [ 139.6767757, 35.6772382 ] } },
{ "type": "Feature", "properties": { "city": "Tokyo", "type": "station", "x": 35.7271367, "y": 139.8283287, "gid": 6150, "Name": "八広" }, "geometry": { "type": "Point", "coordinates": [ 139.828328699999986, 35.7271367 ] } },
{ "type": "Feature", "properties": { "city": "Tokyo", "type": "station", "x": 35.6746453, "y": 139.7776367, "gid": 6248, "Name": "八丁堀" }, "geometry": { "type": "Point", "coordinates": [ 139.777636699999988, 35.6746453 ] } },
{ "type": "Feature", "properties": { "city": "Tokyo", "type": "station", "x": 35.6852213, "y": 139.7415832, "gid": 6402, "Name": "半蔵門" }, "geometry": { "type": "Point", "coordinates": [ 139.7415832, 35.6852213 ] } },
{ "type": "Feature", "properties": { "city": "Tokyo", "type": "station", "x": 35.7456743, "y": 139.7196963, "gid": 6486, "Name": "板橋" }, "geometry": { "type": "Point", "coordinates": [ 139.71969630000001, 35.7456743 ] } },
{ "type": "Feature", "properties": { "city": "Tokyo", "type": "station", "x": 35.7513497, "y": 139.7100462, "gid": 6520, "Name": "板橋区役所前" }, "geometry": { "type": "Point", "coordinates": [ 139.7100462, 35.7513497 ] } },
{ "type": "Feature", "properties": { "city": "Tokyo", "type": "station", "x": 35.701745, "y": 139.7459796, "gid": 6388, "Name": "飯田橋" }, "geometry": { "type": "Point", "coordinates": [ 139.7459796, 35.701745 ] } },
{ "type": "Feature", "properties": { "city": "Tokyo", "type": "tramstop", "x": 35.7501903, "y": 139.7373919, "gid": 19903, "Name": "飛鳥山" }, "geometry": { "type": "Point", "coordinates": [ 139.7373919, 35.7501903 ] } },
{ "type": "Feature", "properties": { "city": "Tokyo", "type": "station", "x": 35.7469091, "y": 139.7536603, "gid": 6355, "Name": "尾久" }, "geometry": { "type": "Point", "coordinates": [ 139.7536603, 35.7469091 ] } },
{ "type": "Feature", "properties": { "city": "Tokyo", "type": "station", "x": 35.6651448, "y": 139.7126171, "gid": 6506, "Name": "表参道" }, "geometry": { "type": "Point", "coordinates": [ 139.712617099999989, 35.6651448 ] } },
{ "type": "Feature", "properties": { "city": "Tokyo", "type": "station", "x": 35.628587, "y": 139.7402814, "gid": 6407, "Name": "品川" }, "geometry": { "type": "Point", "coordinates": [ 139.740281399999986, 35.628587 ] } },
{ "type": "Feature", "properties": { "city": "Tokyo", "type": "station", "x": 35.6097199, "y": 139.7498775, "gid": 6375, "Name": "品川シーサイド" }, "geometry": { "type": "Point", "coordinates": [ 139.7498775, 35.6097199 ] } },
{ "type": "Feature", "properties": { "city": "Tokyo", "type": "station", "x": 35.6551111, "y": 139.7570622, "gid": 6347, "Name": "浜松町" }, "geometry": { "type": "Point", "coordinates": [ 139.7570622, 35.6551111 ] } },
{ "type": "Feature", "properties": { "city": "Tokyo", "type": "station", "x": 35.6884623, "y": 139.7881167, "gid": 6218, "Name": "浜町" }, "geometry": { "type": "Point", "coordinates": [ 139.788116699999989, 35.6884623 ] } },
{ "type": "Feature", "properties": { "city": "Tokyo", "type": "station", "x": 35.6253448, "y": 139.7130438, "gid": 6505, "Name": "不動前" }, "geometry": { "type": "Point", "coordinates": [ 139.7130438, 35.6253448 ] } },
{ "type": "Feature", "properties": { "city": "Tokyo", "type": "station", "x": 35.6202205, "y": 139.7039265, "gid": 6543, "Name": "武蔵小山" }, "geometry": { "type": "Point", "coordinates": [ 139.7039265, 35.6202205 ] } },
{ "type": "Feature", "properties": { "city": "Tokyo", "type": "station", "x": 35.706421, "y": 139.8425122, "gid": 6142, "Name": "平井" }, "geometry": { "type": "Point", "coordinates": [ 139.842512199999987, 35.706421 ] } },
{ "type": "Feature", "properties": { "city": "Tokyo", "type": "station", "x": 35.6754421, "y": 139.7718678, "gid": 6274, "Name": "宝町" }, "geometry": { "type": "Point", "coordinates": [ 139.7718678, 35.6754421 ] } },
{ "type": "Feature", "properties": { "city": "Tokyo", "type": "station", "x": 35.6835007, "y": 139.6576888, "gid": 6682, "Name": "方南町" }, "geometry": { "type": "Point", "coordinates": [ 139.657688799999988, 35.6835007 ] } },
{ "type": "Feature", "properties": { "city": "Tokyo", "type": "station", "x": 35.6549298, "y": 139.796174, "gid": 6200, "Name": "豊洲" }, "geometry": { "type": "Point", "coordinates": [ 139.796174, 35.6549298 ] } },
{ "type": "Feature", "properties": { "city": "Tokyo", "type": "station", "x": 35.6784974, "y": 139.705414, "gid": 6535, "Name": "北参道" }, "geometry": { "type": "Point", "coordinates": [ 139.705414, 35.6784974 ] } },
{ "type": "Feature", "properties": { "city": "Tokyo", "type": "station", "x": 35.7494683, "y": 139.805486, "gid": 6181, "Name": "北千住" }, "geometry": { "type": "Point", "coordinates": [ 139.805486, 35.7494683 ] } },
{ "type": "Feature", "properties": { "city": "Tokyo", "type": "station", "x": 35.7409711, "y": 139.7168664, "gid": 6493, "Name": "北池袋" }, "geometry": { "type": "Point", "coordinates": [ 139.716866399999986, 35.7409711 ] } },
{ "type": "Feature", "properties": { "city": "Tokyo", "type": "station", "x": 35.6223438, "y": 139.7392875, "gid": 6412, "Name": "北品川" }, "geometry": { "type": "Point", "coordinates": [ 139.739287499999989, 35.6223438 ] } },
{ "type": "Feature", "properties": { "city": "Tokyo", "type": "station", "x": 35.7434181, "y": 139.8174642, "gid": 6166, "Name": "堀切" }, "geometry": { "type": "Point", "coordinates": [ 139.817464199999989, 35.7434181 ] } },
{ "type": "Feature", "properties": { "city": "Tokyo", "type": "station", "x": 35.7476751, "y": 139.8274834, "gid": 6152, "Name": "堀切菖蒲園" }, "geometry": { "type": "Point", "coordinates": [ 139.8274834, 35.7476751 ] } },
{ "type": "Feature", "properties": { "city": "Tokyo", "type": "station", "x": 35.7075159, "y": 139.7605489, "gid": 6328, "Name": "本郷三丁目" }, "geometry": { "type": "Point", "coordinates": [ 139.7605489, 35.7075159 ] } },
{ "type": "Feature", "properties": { "city": "Tokyo", "type": "station", "x": 35.7247665, "y": 139.7537288, "gid": 6354, "Name": "本駒込" }, "geometry": { "type": "Point", "coordinates": [ 139.7537288, 35.7247665 ] } },
{ "type": "Feature", "properties": { "city": "Tokyo", "type": "station", "x": 35.7085957, "y": 139.8043567, "gid": 6185, "Name": "本所吾妻橋" }, "geometry": { "type": "Point", "coordinates": [ 139.8043567, 35.7085957 ] } },
{ "type": "Feature", "properties": { "city": "Tokyo", "type": "station", "x": 35.6551419, "y": 139.7370272, "gid": 6425, "Name": "麻布十番" }, "geometry": { "type": "Point", "coordinates": [ 139.7370272, 35.6551419 ] } },
{ "type": "Feature", "properties": { "city": "Tokyo", "type": "station", "x": 35.7029492, "y": 139.7717048, "gid": 6275, "Name": "末広町" }, "geometry": { "type": "Point", "coordinates": [ 139.7717048, 35.7029492 ] } },
{ "type": "Feature", "properties": { "city": "Tokyo", "type": "station", "x": 35.6684324, "y": 139.7053364, "gid": 6536, "Name": "明治神宮前〈原宿〉" }, "geometry": { "type": "Point", "coordinates": [ 139.7053364, 35.6684324 ] } },
{ "type": "Feature", "properties": { "city": "Tokyo", "type": "tramstop", "x": 35.7131419, "y": 139.7138944, "gid": 19866, "Name": "面影橋" }, "geometry": { "type": "Point", "coordinates": [ 139.713894399999987, 35.7131419 ] } },
{ "type": "Feature", "properties": { "city": "Tokyo", "type": "station", "x": 35.6694204, "y": 139.8065261, "gid": 6179, "Name": "木場" }, "geometry": { "type": "Point", "coordinates": [ 139.806526100000013, 35.6694204 ] } },
{ "type": "Feature", "properties": { "city": "Tokyo", "type": "station", "x": 35.6327798, "y": 139.7159992, "gid": 6495, "Name": "目黒" }, "geometry": { "type": "Point", "coordinates": [ 139.7159992, 35.6327798 ] } },
{ "type": "Feature", "properties": { "city": "Tokyo", "type": "station", "x": 35.7211861, "y": 139.7064823, "gid": 6530, "Name": "目白" }, "geometry": { "type": "Point", "coordinates": [ 139.7064823, 35.7211861 ] } },
{ "type": "Feature", "properties": { "city": "Tokyo", "type": "station", "x": 35.6722954, "y": 139.7951358, "gid": 6202, "Name": "門前仲町" }, "geometry": { "type": "Point", "coordinates": [ 139.7951358, 35.6722954 ] } },
{ "type": "Feature", "properties": { "city": "Tokyo", "type": "station", "x": 35.6748872, "y": 139.7631061, "gid": 6322, "Name": "有楽町" }, "geometry": { "type": "Point", "coordinates": [ 139.763106099999987, 35.6748872 ] } },
{ "type": "Feature", "properties": { "city": "Tokyo", "type": "station", "x": 35.6345562, "y": 139.7932562, "gid": 6204, "Name": "有明" }, "geometry": { "type": "Point", "coordinates": [ 139.7932562, 35.6345562 ] } },
{ "type": "Feature", "properties": { "city": "Tokyo", "type": "station", "x": 35.6401034, "y": 139.7887923, "gid": 6217, "Name": "有明テニスの森" }, "geometry": { "type": "Point", "coordinates": [ 139.788792300000011, 35.6401034 ] } },
{ "type": "Feature", "properties": { "city": "Tokyo", "type": "station", "x": 35.6375747, "y": 139.6910072, "gid": 6598, "Name": "祐天寺" }, "geometry": { "type": "Point", "coordinates": [ 139.6910072, 35.6375747 ] } },
{ "type": "Feature", "properties": { "city": "Tokyo", "type": "station", "x": 35.7332405, "y": 139.6986842, "gid": 6578, "Name": "要町" }, "geometry": { "type": "Point", "coordinates": [ 139.6986842, 35.7332405 ] } },
{ "type": "Feature", "properties": { "city": "Tokyo", "type": "station", "x": 35.7106681, "y": 139.6860112, "gid": 6608, "Name": "落合" }, "geometry": { "type": "Point", "coordinates": [ 139.6860112, 35.7106681 ] } },
{ "type": "Feature", "properties": { "city": "Tokyo", "type": "station", "x": 35.7231893, "y": 139.6835849, "gid": 6619, "Name": "落合南長崎" }, "geometry": { "type": "Point", "coordinates": [ 139.6835849, 35.7231893 ] } },
{ "type": "Feature", "properties": { "city": "Tokyo", "type": "station", "x": 35.5986986, "y": 139.7389803, "gid": 6414, "Name": "立会川" }, "geometry": { "type": "Point", "coordinates": [ 139.7389803, 35.5986986 ] } },
{ "type": "Feature", "properties": { "city": "Tokyo", "type": "station", "x": 35.6729598, "y": 139.7414598, "gid": 6404, "Name": "溜池山王" }, "geometry": { "type": "Point", "coordinates": [ 139.7414598, 35.6729598 ] } },
{ "type": "Feature", "properties": { "city": "Tokyo", "type": "station", "x": 35.6968579, "y": 139.7974145, "gid": 6196, "Name": "両国" }, "geometry": { "type": "Point", "coordinates": [ 139.7974145, 35.6968579 ] } },
{ "type": "Feature", "properties": { "city": "Tokyo", "type": "station", "x": 35.6635398, "y": 139.7318807, "gid": 6448, "Name": "六本木" }, "geometry": { "type": "Point", "coordinates": [ 139.7318807, 35.6635398 ] } },
{ "type": "Feature", "properties": { "city": "Tokyo", "type": "station", "x": 35.6649728, "y": 139.738849, "gid": 6415, "Name": "六本木一丁目" }, "geometry": { "type": "Point", "coordinates": [ 139.738849, 35.6649728 ] } },
{ "type": "Feature", "properties": { "city": "Tokyo", "type": "station", "x": 35.7172862, "y": 139.736864, "gid": 6426, "Name": "茗荷谷" }, "geometry": { "type": "Point", "coordinates": [ 139.736864, 35.7172862 ] } },
{ "type": "Feature", "properties": { "city": "Tokyo", "type": "station", "x": 35.7203576, "y": 139.7790442, "gid": 6244, "Name": "鶯谷" }, "geometry": { "type": "Point", "coordinates": [ 139.779044199999987, 35.7203576 ] } }
]
}
